{
  "TEMP_texelinfo": 4.07719,
  "attachable": {
    "offsets": {
      "head": [
        0,
        1.12,
        11.2
      ],
      "root": [
        0,
        0,
        0
      ]
    }
  },
  "audio": {
    "loops": {
      "move": {
        "cue": "/SE/Movement/bot/T2_assault_loop",
        "flag": "vel_changed",
        "should_start_func": "is_moving",
        "should_stop_func": "is_not_moving"
      }
    },
    "selection_response": {
      "cue": "/SE/Selection/bot/T2_assault"
    }
  },
  "base_spec": "/pa/units/land/base_bot/base_bot.json",
  "build_metal_cost": 1800,
  "description": "Mobile Turret - High health slow attack bot equipped with a heavy laser array.",
  "display_name": "Eviscerator",
  "events": {
    "died": {
      "effect_scale": 1.1,
      "effect_spec": "/pa/effects/specs/default_explosion.pfx"
    },
    "fired": {
      "audio_cue": "/SE/Weapons/structure/laser_defense_double_fire",
      "effect_spec": "/pa/effects/specs/default_muzzle_flash.pfx muzzle00 /pa/effects/specs/default_muzzle_flash.pfx muzzle01 /pa/effects/specs/default_muzzle_flash.pfx muzzle02 /pa/effects/specs/default_muzzle_flash.pfx muzzle03"
    }
  },
  "guard_layer": "WL_AnySurface",
  "max_health": 2800,
  "mesh_bounds": [
    9.24,
    5.6,
    13.3
  ],
  "model": {
    "animations": {
      "idle": "/pa/units/land/raptor_bot_1/raptor_bot_1_anim_idleX.papa",
      "walk": "/pa/units/land/raptor_bot_1/raptor_bot_1_anim_walkX.papa"
    },
    "animtree": "/pa/units/land/raptor_bot_1/raptor_bot_1_anim_tree.json",
    "filename": "/pa/units/land/raptor_bot_1/raptor_bot_1X.papa",
    "walk_speed": 5
  },
  "navigation": {
    "acceleration": 250,
    "brake": -1,
    "move_speed": 6,
    "turn_speed": 720,
    "type": "land-small"
  },
  "physics": {
    "radius": 2.0
  },
  "recon": {
    "observer": {
      "items": [
        {
          "channel": "sight",
          "layer": "surface_and_air",
          "radius": 100,
          "shape": "capsule"
        }
      ]
    }
  },
  "selection_icon": {
    "diameter": 8.0
  },
  "tools": [
    {
      "aim_bone": "turret00",
      "muzzle_bone": [
        "muzzle00"
      ],
      "record_index": 0,
      "spec_id": "/pa/units/land/raptor_bot_1/raptor_bot_1_tool_weapon.json"
    },
    {
      "aim_bone": "turret00",
      "muzzle_bone": [
        "muzzle01"
      ],
      "record_index": 0,
      "spec_id": "/pa/units/land/raptor_bot_1/raptor_bot_1_tool_weapon.json"
    },
    {
      "aim_bone": "turret00",
      "muzzle_bone": [
        "muzzle02"
      ],
      "record_index": 0,
      "spec_id": "/pa/units/land/raptor_bot_1/raptor_bot_1_tool_weapon.json"
    },
    {
      "aim_bone": "turret00",
      "muzzle_bone": [
        "muzzle03"
      ],
      "record_index": 0,
      "spec_id": "/pa/units/land/raptor_bot_1/raptor_bot_1_tool_weapon.json"
    }
  ],
  "transportable": {
    "size": 1
  },
  "unit_types": [
    "UNITTYPE_Bot",
    "UNITTYPE_Mobile",
    "UNITTYPE_Land",
    "UNITTYPE_Offense",
    "UNITTYPE_Advanced",
    "UNITTYPE_FactoryBuild"
  ]
}