{
  "TEMP_texelinfo": 10.6806,
  "attachable": {
    "offsets": {
      "root": [
        0,
        0,
        0
      ]
    }
  },
  "audio": {
    "selection_response": {
      "cue": "/SE/Selection/orbital/radar"
    }
  },
  "base_spec": "/pa/units/orbital/base_orbital/base_orbital.json",
  "build_metal_cost": 800,
  "command_caps": [
    "ORDER_Move",
    "ORDER_Patrol",
    "ORDER_Assist"
  ],
  "consumption": {
    "energy": 700
  },
  "description": "Basic radar satellite - Detects a large area for enemy land, sea, and air units.",
  "display_name": "ARKYD",
  "energy_efficiency_requirement": 0.9,
  "events": {
    "build_complete": {
      "audio_cue": "/SE/Build_Complete/radar"
    },
    "died": {
      "audio_cue": "/SE/Death/radar"
    },
    "fired": {
      "audio_cue": "/SE/Weapons/air/bomber_fire"
    }
  },
  "fx_offsets": [
    {
      "bone": "bone_radar",
      "filename": "/pa/units/orbital/radar_satellite/radar_satellite_on.pfx",
      "offset": [
        0,
        -1.0,
        0.0
      ],
      "orientation": [
        0,
        -90,
        0
      ],
      "type": "energy"
    },
    {
      "bone": "bone_antenna01",
      "filename": "/pa/units/orbital/radar_satellite/radar_satellite_antenna_on.pfx",
      "type": "energy"
    },
    {
      "bone": "bone_antenna02",
      "filename": "/pa/units/orbital/radar_satellite/radar_satellite_antenna_on.pfx",
      "type": "energy"
    }
  ],
  "gravwell_velocity_multiplier": 6.0,
  "max_health": 1000,
  "mesh_bounds": [
    20,
    20,
    15
  ],
  "model": {
    "animations": {
      "closed": "/pa/units/orbital/radar_satellite/radar_satellite_anim_closed.papa",
      "deploy": "/pa/units/orbital/radar_satellite/radar_satellite_anim_deploy.papa",
      "open": "/pa/units/orbital/radar_satellite/radar_satellite_anim_open.papa"
    },
    "animtree": "/pa/anim/anim_trees/satellite_launched_anim_tree.json",
    "filename": "/pa/units/orbital/radar_satellite/radar_satellite.papa"
  },
  "navigation": {
    "acceleration": 15,
    "brake": 15,
    "hover_time": -1.0,
    "move_speed": 15,
    "turn_speed": 90,
    "type": "orbital"
  },
  "physics": {
    "gravity_scalar": 0.001,
    "radius": 5
  },
  "recon": {
    "observer": {
      "items": [
        {
          "channel": "radar",
          "layer": "surface_and_air",
          "radius": 600,
          "shape": "capsule",
          "uses_energy": true
        },
        {
          "channel": "sight",
          "layer": "surface_and_air",
          "radius": 300,
          "shape": "capsule",
          "uses_energy": true
        },
        {
          "channel": "sight",
          "layer": "orbital",
          "radius": 600,
          "shape": "capsule",
          "uses_energy": true
        }
      ]
    }
  },
  "selection_icon": {
    "diameter": 26.0
  },
  "unit_types": [
    "UNITTYPE_Mobile",
    "UNITTYPE_Orbital",
    "UNITTYPE_Basic",
    "UNITTYPE_Recon",
    "UNITTYPE_FactoryBuild"
  ]
}