{
  "TEMP_texelinfo": 1.0,
  "armor_type": "AT_Bot",
  "audio": {
    "loops": {
      "move": {
        "cue": "/SE/Movement/bot/assault_loop",
        "flag": "vel_changed",
        "should_start_func": "is_moving",
        "should_stop_func": "is_not_moving"
      }
    },
    "selection_response": {
      "cue": "/SE/Selection/bot/T2_fab"
    }
  },
  "build_metal_cost": 1,
  "command_caps": [
    "ORDER_Move",
    "ORDER_Patrol",
    "ORDER_Attack",
    "ORDER_Assist",
    "ORDER_Use"
  ],
  "death": {
    "decals": [
      "/pa/effects/specs/scorch_a_01.json"
    ]
  },
  "death_weapon": {
    "air_ammo_spec": "/pa/units/land/base_bot/base_bot_death_weapon.json",
    "air_height_threshold": 7,
    "ground_ammo_spec": "/pa/units/land/base_bot/base_bot_death_weapon.json"
  },
  "description": "Base Bot Description - If you're seeing this, something is wrong in your bot.",
  "display_name": "Base Bot",
  "events": {
    "build_complete": {
      "audio_cue": "/SE/Build_Complete/bot"
    },
    "died": {
      "audio_cue": "/SE/Death/Bot",
      "effect_scale": 1.0,
      "effect_spec": "/pa/effects/specs/default_explosion_bot.pfx"
    },
    "fired": {
      "audio_cue": "/SE/Weapons/base/base_fire_laser",
      "effect_spec": "/pa/effects/specs/default_muzzle_flash.pfx socket_muzzle"
    },
    "teleported": {
      "audio_cue": "/SE/Death/Veh",
      "effect_spec": "/pa/effects/specs/default_explosion.pfx"
    }
  },
  "fx_offsets": [
    {
      "bone": "bone_root",
      "filename": "/pa/effects/specs/fab_spray.pfx",
      "offset": [
        0,
        0,
        5
      ],
      "orientation": [
        90,
        0,
        0
      ],
      "type": "phasing"
    }
  ],
  "guard_radius": 50,
  "lod_hide_pixelsize": 32.0,
  "max_health": 1,
  "navigation": {
    "acceleration": 1,
    "brake": -1,
    "dodge_multiplier": 1.0,
    "dodge_radius": 15,
    "move_speed": 1,
    "park_stamp": {
      "cost": 10,
      "shape": "sphere",
      "type_data": [
        {
          "move_type": "land-small",
          "stamp_type": "simple"
        },
        {
          "move_type": "amphibious",
          "stamp_type": "simple"
        },
        {
          "move_type": "hover",
          "stamp_type": "simple"
        }
      ]
    },
    "turn_speed": 1,
    "type": "land-small",
    "wobble_factor": 0.1,
    "wobble_speed": 0.2
  },
  "physics": {
    "air_friction": 1.0,
    "radius": 8
  },
  "recon": {
    "observer": {
      "items": [
        {
          "channel": "sight",
          "layer": "surface_and_air",
          "radius": 85,
          "shape": "capsule"
        }
      ]
    }
  },
  "strategic_icon_priority": 3,
  "teleportable": {},
  "unit_types": [
    "UNITTYPE_Bot",
    "UNITTYPE_Mobile",
    "UNITTYPE_Land",
    "UNITTYPE_NoBuild"
  ],
  "wreckage": {
    "collision": [
      "none"
    ],
    "remove_ground_cost_stamp": true
  },
  "wreckage_health_frac": 2.5
}