{
  "ammo_type": "Projectile",
  "audio_loop": "/SE/Weapons/commander/Commander_uber_cannon_fire",
  "burn_damage": 500,
  "burn_radius": 15,
  "damage": 100000,
  "events": {
    "died": {
      "audio_cue": "/SE/Impacts/cannon_uber",
      "effect_spec": "/pa/effects/specs/uber_proj_explosion.pfx"
    }
  },
  "flight_type": "Seeking",
  "full_damage_splash_radius": 1,
  "fx_trail": {
    "filename": "/pa/effects/specs/laser_uber_ammo_trail.pfx"
  },
  "initial_velocity": 100.0,
  "lifetime": 5,
  "max_velocity": 100.0,
  "physics": {
    "add_to_spatial_db": false,
    "allow_underground": true,
    "ignore_gravity": false,
    "radius": 10
  },
  "recon": {
    "observable": {
      "ignore_radar": true
    }
  },
  "spawn_layers": "WL_Air",
  "splash_damage": 100000,
  "splash_radius": 15,
  "turn_rate": 180
}