{
  "base_spec": "/pa/ammo/base_shell/base_shell.json",
  "damage": 30,
  "events": {
    "died": {
      "effect_scale": 0.3,
      "effect_spec": "/pa/effects/specs/default_explosion.pfx"
    }
  },
  "full_damage_splash_radius": 3,
  "fx_trail": {
    "filename": "/pa/units/land/tank_light_laser/tank_light_laser_proj.pfx",
    "offset": [
      0.0,
      0.0,
      0.0
    ]
  },
  "initial_velocity": 150,
  "lifetime": 6,
  "max_velocity": 200,
  "min_velocity": 60,
  "model": {
    "filename": ""
  },
  "physics": {
    "add_to_spatial_db": false,
    "gravity_scalar": 20,
    "radius": 1
  },
  "splash_damage": 30,
  "splash_damages_allies": true,
  "splash_radius": 5
}