{
  "TEMP_texelinfo": 10,
  "armor_type": "AT_Hover",
  "attachable": {
    "offsets": {
      "head": [
        0,
        0,
        3.1
      ]
    }
  },
  "audio": {
    "loops": {
      "move": {
        "cue": "/SE/Movement/veh/tank_hover_loop",
        "flag": "vel_changed",
        "should_start_func": "is_moving",
        "should_stop_func": "is_not_moving"
      }
    },
    "selection_response": {
      "cue": "/SE/Selection/veh/tank_hover"
    }
  },
  "base_spec": "/pa/units/land/base_vehicle/base_vehicle.json",
  "build_metal_cost": 5000,
  "description": "Hover Railgun - Mobile heavy railgun platform. Hovers over water and lava. Heavy damage with a low rate of fire and absurd range.",
  "display_name": "Penetrator",
  "events": {
    "build_complete": {
      "audio_cue": "/SE/Build_Complete/veh"
    },
    "died": {
      "audio_cue": "/SE/Death/Veh"
    },
    "fired": {
      "audio_cue": "/SE/Weapons/orb/orb_ssx_laser_fire",
      "effect_scale": 1.5,
      "effect_spec": "/pa/effects/specs/default_muzzle_flash.pfx muzzle00"
    }
  },
  "fx_offsets": [
    {
      "bone": "hover",
      "filename": "/pa/effects/specs/hover.pfx",
      "offset": [
        2.325,
        -3,
        0
      ],
      "type": "idle"
    },
    {
      "bone": "hover",
      "filename": "/pa/effects/specs/hover.pfx",
      "offset": [
        2.325,
        3,
        0
      ],
      "type": "idle"
    },
    {
      "bone": "hover",
      "filename": "/pa/effects/specs/hover.pfx",
      "offset": [
        -2.325,
        -3,
        0
      ],
      "type": "idle"
    },
    {
      "bone": "hover",
      "filename": "/pa/effects/specs/hover.pfx",
      "offset": [
        -2.325,
        3,
        0
      ],
      "type": "idle"
    }
  ],
  "guard_layer": "WL_LandHorizontal",
  "headlights": [
    {
      "color": [
        1,
        1,
        1
      ],
      "far_distance": 20,
      "gobo": "/pa/effects/textures/gobo/spotlight_gobo.papa",
      "intensity": 1.4,
      "near_distance": 1.2,
      "near_height": 1.2,
      "near_width": 1.2,
      "offset": [
        0,
        -0.5,
        1.8
      ],
      "orientation": [
        0,
        65,
        0
      ]
    }
  ],
  "max_health": 600,
  "mesh_bounds": [
    6.4,
    9,
    4.5
  ],
  "model": {
    "animations": {
      "idle": "/pa/units/land/hover_artillery/Vartillery23_anim_idle.papa"
    },
    "animtree": "/pa/anim/one_turret_idle.json",
    "filename": "/pa/units/land/hover_artillery/Vartillery23.papa"
  },
  "navigation": {
    "acceleration": 5,
    "brake": 5,
    "move_speed": 12,
    "turn_in_place": false,
    "turn_speed": 20,
    "type": "hover"
  },
  "physics": {
    "air_friction": 0.5,
    "radius": 3
  },
  "recon": {
    "observer": {
      "items": [
        {
          "channel": "sight",
          "layer": "surface_and_air",
          "radius": 110,
          "shape": "capsule"
        }
      ]
    }
  },
  "selection_icon": {
    "diameter": 15.0
  },
  "tools": [
    {
      "aim_bone": "pitch00",
      "muzzle_bone": "muzzle00",
      "spec_id": "/pa/units/land/hover_artillery/hover_artillery_tool_weapon.json"
    }
  ],
  "transportable": {
    "size": 1
  },
  "unit_types": [
    "UNITTYPE_Tank",
    "UNITTYPE_Naval",
    "UNITTYPE_Mobile",
    "UNITTYPE_Offense",
    "UNITTYPE_Land",
    "UNITTYPE_Advanced",
    "UNITTYPE_Hover",
    "UNITTYPE_FactoryBuild"
  ]
}