{
  "TEMP_texelinfo": 4.24257,
  "audio": {
    "loops": {
      "move": {
        "cue": "/SE/Movement/sea/sea_scout_ship_loop",
        "flag": "vel_changed",
        "should_start_func": "is_moving",
        "should_stop_func": "is_not_moving"
      }
    }
  },
  "base_spec": "/pa/units/sea/base_ship/base_ship.json",
  "build_metal_cost": 250,
  "description": "Torpedo Boat - Fast, equipped with a light torpedo launcher.",
  "display_name": "Seabass",
  "events": {
    "died": {
      "audio_cue": "/SE/Death/Sea",
      "effect_scale": 1.875,
      "effect_spec": "/pa/effects/specs/default_explosion.pfx"
    },
    "fired1": {
      "audio_cue": "/SE/Weapons/veh/land_scout_fire",
      "effect_scale": 0.75,
      "effect_spec": "/pa/effects/specs/default_muzzle_flash.pfx muzzle01"
    },
    "fired2": {
      "audio_cue": "/SE/Weapons/sea/attack_sub_fire",
      "effect_scale": 1.5
    }
  },
  "fx_offsets": [
    {
      "filename": "/pa/effects/specs/jet_navalL_back.pfx",
      "offset": [
        2.1,
        4.95,
        0
      ],
      "type": "moving"
    },
    {
      "filename": "/pa/effects/specs/jet_navalL_back.pfx",
      "offset": [
        -2.1,
        4.95,
        0
      ],
      "type": "moving"
    },
    {
      "filename": "/pa/effects/specs/jet_navalLW_front.pfx",
      "offset": [
        0,
        -5.7,
        0
      ],
      "type": "moving"
    }
  ],
  "max_health": 380,
  "mesh_bounds": [
    4.8,
    10.200001,
    3.8999999
  ],
  "model": {
    "animtree": "/pa/units/sea/boat_torpedo/boat_torpedo_anim_tree.json",
    "filename": "/pa/units/sea/boat_torpedo/boat_torpedoX.papa"
  },
  "navigation": {
    "acceleration": 5,
    "brake": 12,
    "move_speed": 25,
    "turn_in_place": false,
    "turn_speed": 180,
    "type": "deepwater"
  },
  "physics": {
    "radius": 6
  },
  "recon": {
    "observer": {
      "items": [
        {
          "channel": "sight",
          "layer": "surface_and_air",
          "radius": 120,
          "shape": "capsule"
        },
        {
          "channel": "sight",
          "layer": "underwater",
          "radius": 65,
          "shape": "capsule"
        }
      ]
    }
  },
  "selection_icon": {
    "diameter": 20.0
  },
  "spawn_layers": "WL_WaterSurface",
  "tools": [
    {
      "aim_bone": "pitch01",
      "muzzle_bone": "muzzle01",
      "spec_id": "/pa/units/sea/boat_torpedo/boat_torpedo_tool_weapon_bullet.json"
    },
    {
      "aim_bone": "bone_root",
      "muzzle_bone": [
        "muzzle02a",
        "muzzle02b"
      ],
      "spec_id": "/pa/units/sea/boat_torpedo/boat_torpedo_tool_weapon_torpedo.json"
    }
  ],
  "unit_types": [
    "UNITTYPE_Naval",
    "UNITTYPE_Mobile",
    "UNITTYPE_Offense",
    "UNITTYPE_Basic",
    "UNITTYPE_FactoryBuild",
    "UNITTYPE_Custom4"
  ]
}