{
  "TEMP_texelinfo": 6.38702,
  "attachable": {
    "offsets": {
      "head": [
        0,
        0,
        6.8
      ],
      "root": [
        0,
        0,
        0
      ]
    }
  },
  "audio": {
    "loops": {
      "build": {
        "cue": "/SE/Construction/Fab_contruction_beam_loop",
        "flag": "build_target_changed",
        "should_start_func": "has_build_target",
        "should_stop_func": "no_build_target"
      },
      "move": {
        "cue": "/SE/Movement/bot/T2_fab_combat_loop",
        "flag": "vel_changed",
        "should_start_func": "is_moving",
        "should_stop_func": "is_not_moving"
      }
    },
    "selection_response": {
      "cue": "/SE/Selection/bot/T2_fab_combat"
    }
  },
  "base_spec": "/pa/units/land/base_bot/base_bot.json",
  "build_metal_cost": 500,
  "buildable_types": "CombatFabAdvBuild",
  "command_caps": [
    "ORDER_Move",
    "ORDER_Patrol",
    "ORDER_Build",
    "ORDER_Reclaim",
    "ORDER_Repair",
    "ORDER_Assist",
    "ORDER_Attack",
    "ORDER_Use"
  ],
  "description": "Advanced Support Fabricator - Armed with a light gun for defense and able to build defensive structures, but expensive and inefficient.",
  "display_name": "Mend",
  "events": {
    "build_complete": {
      "audio_cue": "/SE/Build_Complete/fab",
      "effect_scale": 0.65
    },
    "died": {
      "audio_cue": "/SE/Death/Bot",
      "effect_scale": 0.52
    }
  },
  "fx_offsets": [
    {
      "bone": "socket_muzzleBack",
      "filename": "/pa/effects/specs/fab_combat_spray.pfx",
      "offset": [
        0,
        0,
        0
      ],
      "orientation": [
        0,
        0,
        0
      ],
      "type": "build"
    }
  ],
  "guard_layer": "WL_LandHorizontal",
  "max_health": 500,
  "mesh_bounds": [
    2.86,
    4.875,
    6.5
  ],
  "model": {
    "animations": {
      "death01": "/pa/units/land/fabrication_bot_combat_adv/fabrication_bot_combat_adv_anim_death01X.papa",
      "idle": "/pa/units/land/fabrication_bot_combat_adv/fabrication_bot_combat_adv_anim_idleX.papa",
      "walk": "/pa/units/land/fabrication_bot_combat_adv/fabrication_bot_combat_adv_anim_runX.papa"
    },
    "animtree": "/pa/anim/anim_trees/fabrication_bot_combat_adv_anim_tree.json",
    "arrows": 5,
    "filename": "/pa/units/land/fabrication_bot_combat_adv/fabrication_bot_combat_advX.papa",
    "walk_speed": 12
  },
  "navigation": {
    "acceleration": 120,
    "brake": -1,
    "group_preference": "back",
    "move_speed": 12,
    "turn_speed": 720,
    "type": "amphibious"
  },
  "physics": {
    "allow_pushing": true,
    "radius": 4
  },
  "recon": {
    "observer": {
      "items": [
        {
          "channel": "sight",
          "layer": "surface_and_air",
          "radius": 100,
          "shape": "capsule"
        },
        {
          "channel": "sight",
          "layer": "mine",
          "radius": 100,
          "shape": "capsule"
        }
      ]
    }
  },
  "selection_icon": {
    "diameter": 13.0
  },
  "spawn_layers": "WL_LandHorizontal",
  "tools": [
    {
      "aim_bone": "bone_turretBack",
      "record_index": 0,
      "spec_id": "/pa/units/land/fabrication_bot_combat_adv/fabrication_bot_combat_adv_build_arm.json"
    },
    {
      "aim_bone": "bone_turretFront",
      "muzzle_bone": "socket_muzzleFront",
      "record_index": 1,
      "spec_id": "/pa/units/land/fabrication_bot_combat_adv/fabrication_bot_combat_adv_tool_weapon.json"
    }
  ],
  "transportable": {
    "size": 1
  },
  "unit_types": [
    "UNITTYPE_Construction",
    "UNITTYPE_Bot",
    "UNITTYPE_Mobile",
    "UNITTYPE_Land",
    "UNITTYPE_Basic",
    "UNITTYPE_FactoryBuild",
    "UNITTYPE_CannonBuildable"
  ]
}