{
  "TEMP_texelinfo": 7.96209,
  "audio": {
    "loops": {
      "move": {
        "cue": "/SE/Movement/air/air_fighter_loop_advanced",
        "flag": "vel_changed",
        "should_start_func": "is_moving_laterally",
        "should_stop_func": "is_not_moving"
      }
    },
    "selection_response": {
      "cue": "/SE/Selection/air/fighter"
    }
  },
  "base_spec": "/pa/units/air/base_flyer/base_flyer.json",
  "build_metal_cost": 650,
  "description": "Interplanetary Fighter- Stronger fighter. Can move between planets. Can only attack air targets. Fires AoE missiles in volleys.",
  "display_name": "Phoenix",
  "events": {
    "build_complete": {
      "audio_cue": "/SE/Build_Complete/air"
    },
    "died": {
      "audio_cue": "/SE/Death/Air",
      "effect_scale": 0.85,
      "effect_spec": "/pa/units/air/base_flyer/base_flyer_death_t2.pfx"
    },
    "fired": {
      "audio_cue": "/SE/Weapons/air/fighter_fire_advanced"
    }
  },
  "fx_offsets": [
    {
      "filename": "/pa/units/air/fighter_adv/fighter_adv_jets.pfx",
      "offset": [
        0,
        4.35,
        0.836
      ],
      "type": "moving_forward"
    }
  ],
  "gravwell_velocity_multiplier": 6.0,
  "guard_layer": "WL_Air",
  "max_health": 425,
  "mesh_bounds": [
    4.5,
    9.2,
    4
  ],
  "model": {
    "animations": {
      "closed": "/pa/units/air/fighter_adv/fighter_adv_anim_closed.papa",
      "deploy": "/pa/units/air/fighter_adv/fighter_adv_anim_deploy.papa"
    },
    "animtree": "/pa/anim/anim_trees/fighter_adv_anim_tree.json",
    "filename": "/pa/units/air/fighter_adv/fighter_adv.papa"
  },
  "navigation": {
    "acceleration": 75,
    "aggressive_distance": 50.0,
    "bank_factor": 10,
    "brake": 75,
    "inter_planetary_type": "system",
    "move_speed": 75,
    "turn_speed": 270,
    "type": "air",
    "vertical_speed": 50
  },
  "physics": {
    "gravity_scalar": 1,
    "radius": 6
  },
  "recon": {
    "observer": {
      "items": [
        {
          "channel": "sight",
          "layer": "surface_and_air",
          "radius": 150,
          "shape": "capsule"
        }
      ]
    }
  },
  "selection_icon": {
    "diameter": 20.0,
    "vertical_offset": -2.0
  },
  "system_velocity_multiplier": 15.0,
  "tools": [
    {
      "aim_bone": "bone_root",
      "muzzle_bone": [
        "socket_leftMuzzle",
        "socket_rightMuzzle"
      ],
      "spec_id": "/pa/units/air/fighter_adv/fighter_adv_tool_weapon.json"
    }
  ],
  "unit_types": [
    "UNITTYPE_Fighter",
    "UNITTYPE_Air",
    "UNITTYPE_Mobile",
    "UNITTYPE_Offense",
    "UNITTYPE_Advanced",
    "UNITTYPE_FactoryBuild"
  ]
}