{
  "blend_root": {
    "type": "bind_pose"
  },
  "skeleton_controls": [
    {
      "child": {
        "rotation_axis": "x",
        "rotation_bone": "bone_pitch01",
        "type": "procedural_aim",
        "weapon_index": 0
      },
      "lerp_func": "is_active",
      "type": "fader"
    },
    {
      "child": {
        "rotation_axis": "x",
        "rotation_bone": "bone_pitch02",
        "type": "procedural_aim",
        "weapon_index": 1
      },
      "lerp_func": "is_active",
      "type": "fader"
    }
  ]
}