{
  "blend_root": {
    "nodes": {
      "being_built": {
        "type": "bind_pose"
      },
      "dead": {
        "type": "bind_pose"
      },
      "ghost": {
        "type": "bind_pose"
      },
      "living": {
        "type": "bind_pose"
      }
    },
    "type": "unit_state"
  },
  "skeleton_controls": [
    {
      "child": {
        "rotation_axis": "z",
        "rotation_bone": "bone_turret",
        "type": "procedural_aim"
      },
      "lerp_func": "is_active",
      "type": "fader"
    },
    {
      "child": {
        "rotation_axis": "x",
        "rotation_bone": "bone_pitch",
        "type": "procedural_aim"
      },
      "lerp_func": "is_active",
      "type": "fader"
    },
    {
      "bone": "bone_rightRecoil",
      "recoil_dist": 0.2,
      "restore_time": 0.2,
      "type": "recoil"
    },
    {
      "bone": "bone_leftRecoil",
      "recoil_dist": 0.2,
      "restore_time": 0.2,
      "type": "recoil"
    },
    {
      "child": {
        "angular_velocity": [
          0,
          0,
          0
        ],
        "angular_velocity_range": [
          100,
          360,
          20
        ],
        "bone": "bone_turret",
        "drag": 0.5,
        "gravity": 20,
        "type": "giblet",
        "velocity": [
          0,
          5,
          15
        ],
        "velocity_range": [
          10,
          10,
          5
        ]
      },
      "lerp_func": "is_dead",
      "type": "fader"
    }
  ]
}