{
  "base_spec": "/pa/ammo/base_ammo/base_ammo.json",
  "damage": 0,
  "events": {
    "died": {
      "audio_cue": "/SE/Impacts/missile_tactical",
      "effect_scale": 0.3,
      "effect_specs": "/pa/effects/specs/default_explosion.pfx"
    }
  },
  "fx_trail": {
    "filename": "/pa/effects/specs/rocket_proj_trail.pfx",
    "offset": [
      0.0,
      0.8,
      0.0
    ]
  },
  "initial_velocity": 70.0,
  "lifetime": 30,
  "max_velocity": 70.0,
  "model": {
    "arrows": 3,
    "filename": "/pa/units/air/missile/missile.papa"
  },
  "physics": {
    "add_to_spatial_db": false,
    "gravity_scalar": 5,
    "ignore_gravity": true,
    "radius": 1
  },
  "spawn_layers": "WL_Air",
  "splash_damage": 0,
  "splash_radius": 1,
  "turn_rate": 150
}