{
  "attachable": {
    "offsets": {
      "head": [
        0,
        0,
        12.0
      ],
      "root": [
        0,
        0,
        0
      ]
    }
  },
  "base_spec": "/pa/units/commanders/imperial_base_missile/imperial_base.json",
  "catalog_object_name": "ThetaCommander",
  "client": {
    "ui": {
      "image": "/ui/main/shared/img/commanders/img_imperial_theta.png",
      "profile_image": "/ui/main/shared/img/commanders/profiles/profile_imperial_theta.png",
      "thumb_image": "/ui/main/shared/img/commanders/thumbs/img_imperial_theta_thumb.png"
    }
  },
  "description": "Imperial Theta Commander.",
  "display_name": "Theta Commander",
  "headlights": [
    {
      "bone": "bone_spine",
      "color": [
        1.0,
        1.0,
        1.0
      ],
      "far_distance": 30.0,
      "gobo": "/pa/effects/textures/gobo/spotlight_gobo.papa",
      "intensity": 6.0,
      "near_distance": 3.0,
      "near_height": 5.0,
      "near_width": 5.0,
      "offset": [
        0,
        -2.972,
        -0.289
      ],
      "orientation": [
        0.0,
        45.0,
        0.0
      ],
      "shadow_resolution": 128
    }
  ],
  "lamps": [
    {
      "bone": "bone_spine",
      "color": [
        1.0,
        1.0,
        1.0
      ],
      "intensity": 5.0,
      "offset": [
        0,
        -2.972,
        -0.289
      ],
      "radius": 2.0
    },
    {
      "bone": "bone_leftElbow",
      "color": [
        0.4,
        1.0,
        0.01
      ],
      "intensity": 2.0,
      "offset": [
        0.07,
        -3.85,
        0.2
      ],
      "radius": 4.0
    }
  ],
  "model": {
    "filename": "/pa/units/commanders/imperial_theta/imperial_theta.papa"
  }
}