{
  "TEMP_texelinfo": 10.2184,
  "area_build_separation": 18,
  "atrophy_cool_down": 15.0,
  "atrophy_rate": 5.0,
  "base_spec": "/pa/units/land/base_structure/base_structure.json",
  "build_metal_cost": 3000,
  "command_caps": [
    "ORDER_Attack"
  ],
  "description": "Long Range Defense - Long range anti-land and anti-ship railguns. Long reload time. Named by probodobodyne.",
  "display_name": "Shatterer",
  "events": {
    "build_complete": {
      "audio_cue": "/SE/Build_Complete/structure_small",
      "effect_scale": 1.5
    },
    "died": {
      "audio_cue": "/SE/Death/structure_small",
      "effect_scale": 0.45000002
    },
    "fired": {
      "audio_cue": "/SE/Weapons/orb/orb_ssx_laser_fire",
      "effect_scale": 1.5,
      "effect_spec": "/pa/effects/specs/default_muzzle_flash.pfx bone_muzzle"
    }
  },
  "guard_layer": "WL_AnySurface",
  "guard_radius": 120,
  "max_health": 3000,
  "mesh_bounds": [
    9,
    9,
    24.900002
  ],
  "model": [
    {
      "animtree": "/pa/units/land/laser_defense_sniper/laser_defense_sniper_anim_tree.json",
      "filename": "/pa/units/land/laser_defense_sniper/laser_defense_sniperX.papa",
      "layer": "WL_LandHorizontal",
      "skirt_decal": "/pa/effects/specs/skirt_defense_sniper.json"
    },
    {
      "animtree": "/pa/units/land/laser_defense_sniper/laser_defense_sniper_anim_tree.json",
      "filename": "/pa/units/land/laser_defense_sniper/laser_defense_sniper_seaX.papa",
      "layer": "WL_WaterSurface"
    }
  ],
  "recon": {
    "observer": {
      "items": [
        {
          "channel": "sight",
          "layer": "surface_and_air",
          "radius": 130,
          "shape": "capsule"
        }
      ]
    }
  },
  "selection_icon": {
    "diameter": 16.0
  },
  "spawn_layers": "WL_AnyHorizontalGroundOrWaterSurface",
  "tools": [
    {
      "aim_bone": "bone_pitch",
      "muzzle_bone": [
        "bone_muzzle"
      ],
      "spec_id": "/pa/units/land/laser_defense_sniper/laser_defense_sniper_tool_weapon.json"
    }
  ],
  "unit_types": [
    "UNITTYPE_Structure",
    "UNITTYPE_Advanced",
    "UNITTYPE_Land",
    "UNITTYPE_SurfaceDefense",
    "UNITTYPE_Custom4",
    "UNITTYPE_Defense",
    "UNITTYPE_CombatFabAdvBuild",
    "UNITTYPE_FabAdvBuild"
  ]
}