{
  "TEMP_texelinfo": 11.3221,
  "audio": {
    "loops": {
      "move": {
        "cue": "/SE/Movement/air/air_bomber_T2_loop",
        "flag": "vel_changed",
        "should_start_func": "is_moving_laterally",
        "should_stop_func": "is_not_moving"
      }
    },
    "selection_response": {
      "cue": "/SE/Selection/air/bomber_T2"
    }
  },
  "base_spec": "/pa/units/air/base_flyer/base_flyer.json",
  "build_metal_cost": 650,
  "description": "Carpet Bomber - Drops many low damage bombs in a short period of time to devastate armies.",
  "display_name": "Hornet",
  "events": {
    "build_complete": {
      "audio_cue": "/SE/Build_Complete/air"
    },
    "died": {
      "audio_cue": "/SE/Death/Air",
      "effect_scale": 1.0,
      "effect_spec": "/pa/units/air/base_flyer/base_flyer_death_t2.pfx"
    },
    "fired": {
      "audio_cue": "/SE/Weapons/air/bomber_T2_fire"
    }
  },
  "fx_offsets": [
    {
      "filename": "/pa/units/air/bomber_adv/bomber_adv_jets.pfx",
      "offset": [
        0,
        0,
        0
      ],
      "type": "moving_forward"
    }
  ],
  "guard_layer": "WL_AnySurface",
  "max_health": 225,
  "mesh_bounds": [
    23,
    9.5,
    4.8
  ],
  "model": {
    "arrows": 5,
    "filename": "/pa/units/air/bomber_adv/bomber_adv.papa"
  },
  "navigation": {
    "acceleration": 60,
    "aggressive_distance": 300.0,
    "aggressive_height": 100.0,
    "brake": 60,
    "dodge_multiplier": 0.0,
    "dodge_radius": 0,
    "move_speed": 60,
    "turn_speed": 45,
    "type": "air",
    "wobble_factor": 0.05,
    "wobble_speed": 0.1
  },
  "physics": {
    "air_friction": 1.0,
    "allow_pushing": false,
    "gravity_scalar": 1,
    "push_sideways": false,
    "radius": 9
  },
  "recon": {
    "observer": {
      "items": [
        {
          "channel": "sight",
          "layer": "surface_and_air",
          "radius": 120,
          "shape": "capsule"
        }
      ]
    }
  },
  "selection_icon": {
    "diameter": 32.0
  },
  "tools": [
    {
      "aim_bone": "bone_root",
      "muzzle_bone": "bone_root",
      "spec_id": "/pa/units/air/bomber_adv/bomber_adv_tool_weapon.json"
    }
  ],
  "unit_types": [
    "UNITTYPE_Bomber",
    "UNITTYPE_Mobile",
    "UNITTYPE_Offense",
    "UNITTYPE_Air",
    "UNITTYPE_Advanced",
    "UNITTYPE_FactoryBuild"
  ]
}