{
  "blend_root": {
    "nodes": {
      "being_built": {
        "type": "bind_pose"
      },
      "dead": {
        "type": "bind_pose"
      },
      "ghost": {
        "type": "bind_pose"
      },
      "living": {
        "child": {
          "node_fly": {
            "anim_name": "fly",
            "type": "playback"
          },
          "node_idle": {
            "type": "bind_pose"
          },
          "type": "fly"
        },
        "type": "aim_blend"
      }
    },
    "type": "unit_state"
  }
}