{
  "TEMP_texelinfo": 77.8386,
  "atrophy_cool_down": 15.0,
  "atrophy_rate": 650,
  "audio": {
    "loops": {
      "enabled": {
        "cue": "/SE/Celestial/Ragnarock_charge_loop",
        "flag": "weapon_current_ammo_changed",
        "interplanetary": true,
        "should_start_func": "is_charging",
        "should_stop_func": "is_not_charging"
      }
    }
  },
  "base_spec": "/pa/units/land/base_structure/base_structure.json",
  "build_metal_cost": 50000,
  "death": {
    "decals": [
      "/pa/effects/specs/scorch_titan_01.json"
    ]
  },
  "description": "Doomsday Titan - Destroys the planet it's built on once finished.",
  "display_name": "Ragnarok",
  "events": {
    "build_complete": {
      "audio_cue": "/SE/Build_Complete/delta_v"
    },
    "died": {
      "audio_cue": "/SE/Death/delta_v",
      "effect_spec": ""
    },
    "fired": {
      "audio_cue": ""
    }
  },
  "has_death_effects": true,
  "max_health": 15000,
  "mesh_bounds": [
    50.0454,
    50.0306,
    43
  ],
  "model": {
    "animations": {
      "dead": "/pa/units/land/titan_structure/titan_structure_anim_dead.papa",
      "death": "/pa/units/land/titan_structure/titan_structure_anim_death.papa",
      "end": "/pa/units/land/titan_structure/titan_structure_anim_end.papa",
      "loop": "/pa/units/land/titan_structure/titan_structure_anim_loop.papa",
      "start": "/pa/units/land/titan_structure/titan_structure_anim_start.papa"
    },
    "animtree": "/pa/anim/anim_trees/titan_structure_anim_tree.json",
    "filename": "/pa/units/land/titan_structure/titan_structure.papa",
    "skirt_decal": "/pa/effects/specs/skirt_titan_structure.json"
  },
  "physics": {
    "collision_layers": "WL_AnyHorizontalGroundOrWaterSurface"
  },
  "recon": {
    "observable": {
      "always_visible": true
    },
    "observer": {
      "items": [
        {
          "channel": "sight",
          "layer": "surface_and_air",
          "radius": 110,
          "shape": "capsule"
        }
      ]
    }
  },
  "selection_icon": {
    "diameter": 110.0,
    "thickness": 2.0
  },
  "si_name": "titan",
  "tools": [
    {
      "aim_bone": "bone_root",
      "spec_id": "/pa/units/land/titan_structure/titan_structure_tool_weapon.json"
    }
  ],
  "unit_types": [
    "UNITTYPE_Structure",
    "UNITTYPE_Land",
    "UNITTYPE_Advanced",
    "UNITTYPE_SelfDestruct",
    "UNITTYPE_FabAdvBuild",
    "UNITTYPE_Important"
  ]
}
