{
  "TEMP_texelinfo": 6.38702,
  "attachable": {
    "offsets": {
      "head": [
        0,
        0.25,
        4.5
      ],
      "root": [
        0,
        0,
        0
      ]
    }
  },
  "audio": {
    "loops": {
      "build": {
        "cue": "/SE/Construction/Fab_contruction_beam_loop",
        "flag": "build_target_changed",
        "should_start_func": "has_build_target",
        "should_stop_func": "no_build_target"
      },
      "move": {
        "cue": "/SE/Movement/bot/swarm_loop",
        "flag": "vel_changed",
        "should_start_func": "is_moving",
        "should_stop_func": "is_not_moving"
      }
    },
    "selection_response": {
      "cue": "/SE/Selection/bot/swarm"
    }
  },
  "base_spec": "/pa/units/land/base_bot/base_bot.json",
  "build_metal_cost": 300,
  "buildable_types": "",
  "description": "Nanobot Swarm - Fast, hovers, does devastating damage at short range.",
  "display_name": "Locusts",
  "events": {
    "died": {
      "audio_cue": "/SE/Death/swarm",
      "effect_scale": 1.0
    },
    "fired": {
      "audio_cue": "/SE/Weapons/bot/swarm",
      "effect_spec": ""
    }
  },
  "fx_offsets": [
    {
      "bone": "bone_body",
      "filename": "/pa/effects/specs/nanoswarm_idle.pfx",
      "offset": [
        0,
        0,
        0
      ],
      "type": "idle"
    }
  ],
  "guard_layer": "WL_LandHorizontal",
  "max_health": 80,
  "mesh_bounds": [
    4,
    4,
    4
  ],
  "model": {
    "animations": {
      "idle": "/pa/units/land/bot_nanoswarm/bot_nanoswarm_anim_idle.papa"
    },
    "animtree": "/pa/anim/anim_trees/bot_nanoswarm_anim_tree.json",
    "filename": "/pa/units/land/bot_nanoswarm/bot_nanoswarm.papa"
  },
  "navigation": {
    "acceleration": 400,
    "brake": 400,
    "group_preference": "back",
    "move_speed": 40,
    "turn_speed": 1080,
    "type": "hover"
  },
  "physics": {
    "allow_pushing": true,
    "push_class": 101,
    "radius": 4
  },
  "recon": {
    "observer": {
      "items": [
        {
          "channel": "sight",
          "layer": "surface_and_air",
          "radius": 80,
          "shape": "capsule"
        }
      ]
    }
  },
  "selection_icon": {
    "diameter": 7.0
  },
  "spawn_layers": "WL_LandHorizontal",
  "tools": [
    {
      "aim_bone": "bone_body",
      "spec_id": "/pa/units/land/bot_nanoswarm/bot_nanoswarm_tool_weapon.json"
    }
  ],
  "transportable": {
    "size": 1
  },
  "unit_types": [
    "UNITTYPE_Bot",
    "UNITTYPE_Mobile",
    "UNITTYPE_Land",
    "UNITTYPE_Naval",
    "UNITTYPE_Offense",
    "UNITTYPE_Advanced",
    "UNITTYPE_Deconstruction",
    "UNITTYPE_FactoryBuild",
    "UNITTYPE_Hover",
    "UNITTYPE_CannonBuildable"
  ],
  "wreckage_health_frac": 0.0
}