{
  "ammo_capacity": 880,
  "ammo_demand": 25,
  "ammo_id": "/pa/units/land/artillery_unit_launcher/artillery_unit_launcher_ammo.json",
  "ammo_per_shot": 220,
  "ammo_source": "metal",
  "auto_attack": true,
  "base_spec": "/pa/tools/base_artillery_turret/base_artillery_turret.json",
  "carpet_fire": true,
  "carpet_wait_for_full_ammo": true,
  "firing_arc_pitch": 0,
  "firing_arc_yaw": 0,
  "max_firing_velocity": 200,
  "max_range": 340,
  "min_firing_velocity": 100,
  "physics": {
    "add_to_spatial_db": false,
    "gravity_scalar": 1,
    "push_class": 1,
    "radius": 1
  },
  "pitch_range": 89.9,
  "pitch_rate": 15,
  "rate_of_fire": 1.5,
  "target_layers": [
    "WL_LandHorizontal",
    "WL_Seafloor",
    "WL_WaterSurface",
    "WL_Underwater"
  ],
  "yaw_range": 180,
  "yaw_rate": 15
}