{
  "ammo_type": "PBAOE",
  "armor_damage_map": {
    "AT_Air": 0.0,
    "AT_Orbital": 0.0
  },
  "burn_damage": 200,
  "burn_radius": 45,
  "damage": 8000,
  "damage_volume": {
    "burnable_remove_radius": 25.0,
    "delay": 1.333,
    "initial_radius": 10.0,
    "radius_accel": -40.0,
    "radius_velocity": 280.0
  },
  "full_damage_splash_radius": 10,
  "sim_fire_effect": "/pa/units/land/titan_bot/titan_bot_stomp_ent.json",
  "splash_damages_allies": false,
  "splash_radius": 50
}