{
  "ammo_id": "/pa/units/land/bot_grenadier/bot_grenadier_ammo.json",
  "auto_attack": true,
  "base_spec": "/pa/tools/base_missile_turret/base_missile_turret.json",
  "firing_standard_deviation": 1.0,
  "idle_aim_delay": 1.0,
  "max_range": 105,
  "pitch_range": 90,
  "pitch_rate": 3600,
  "rate_of_fire": 0.6,
  "target_layers": [
    "WL_Air"
  ],
  "target_priorities": [
    "Air & Bomber",
    "Air & Gunship",
    "Air & Transport",
    "Air & Mobile"
  ],
  "yaw_range": 90,
  "yaw_rate": 3600
}