{
  "TEMP_texelinfo": 6.38702,
  "attachable": {
    "offsets": {
      "head": [
        0,
        0,
        1.8
      ],
      "root": [
        0,
        0,
        0
      ]
    }
  },
  "audio": {
    "loops": {
      "move": {
        "cue": "/SE/Movement/bot/T2_bot_bomb_loop",
        "flag": "vel_changed",
        "should_start_func": "is_moving",
        "should_stop_func": "is_not_moving"
      }
    },
    "selection_response": {
      "cue": "/SE/Selection/bot/bot_bomb"
    }
  },
  "base_spec": "/pa/units/land/base_bot/base_bot.json",
  "build_metal_cost": 135,
  "death_weapon": {
    "air_ammo_spec": "/pa/units/land/bot_bomb/bot_bomb_ammo.json",
    "air_height_threshold": 7,
    "ground_ammo_spec": "/pa/units/land/bot_bomb/bot_bomb_ammo.json"
  },
  "description": "Bomb Bot - Self-Destructs to deal very heavy damage over an area. Extremely fast.",
  "display_name": "Boom",
  "events": {
    "build_complete": {
      "audio_cue": "/SE/Build_Complete/bot"
    },
    "died": {
      "audio_cue": "/SE/Death/Bot_bomb",
      "effect_scale": 1.0,
      "effect_spec": "/pa/units/land/bot_bomb/bot_bomb_ammo_explosion.pfx"
    },
    "fired": {
      "audio_cue": "",
      "effect_spec": ""
    }
  },
  "guard_layer": "WL_LandHorizontal",
  "max_health": 50,
  "mesh_bounds": [
    3.8,
    4.5,
    3.2
  ],
  "model": {
    "animations": {
      "death01": "/pa/units/land/bot_bomb/bot_bomb_anim_death01.papa",
      "idle": "/pa/units/land/bot_bomb/bot_bomb_anim_idle.papa",
      "walk": "/pa/units/land/bot_bomb/bot_bomb_anim_run.papa"
    },
    "animtree": "/pa/anim/anim_trees/bot_bomb_anim_tree.json",
    "filename": "/pa/units/land/bot_bomb/bot_bomb.papa",
    "walk_speed": 35
  },
  "navigation": {
    "acceleration": 400,
    "brake": -1,
    "move_speed": 40,
    "turn_speed": 720,
    "type": "land-small"
  },
  "physics": {
    "allow_pushing": true,
    "radius": 2.25
  },
  "recon": {
    "observer": {
      "items": [
        {
          "channel": "sight",
          "layer": "surface_and_air",
          "radius": 50,
          "shape": "capsule"
        }
      ]
    }
  },
  "selection_icon": {
    "diameter": 9.0
  },
  "spawn_layers": "WL_LandHorizontal",
  "tools": [
    {
      "aim_bone": "bone_root",
      "muzzle_bone": "bone_root",
      "spec_id": "/pa/units/land/bot_bomb/bot_bomb_tool_weapon.json"
    }
  ],
  "transportable": {
    "size": 1
  },
  "unit_types": [
    "UNITTYPE_Bot",
    "UNITTYPE_Mobile",
    "UNITTYPE_Land",
    "UNITTYPE_Basic",
    "UNITTYPE_FactoryBuild",
    "UNITTYPE_CannonBuildable",
    "UNITTYPE_Offense",
    "UNITTYPE_SelfDestruct"
  ],
  "wreckage_health_frac": 0.0
}