{
  "ammo_capacity": 6000,
  "ammo_demand": 600,
  "ammo_id": "/pa/units/land/tactical_missile_launcher/tactical_missile_launcher_ammo.json",
  "ammo_per_shot": 1200,
  "ammo_source": "energy",
  "auto_attack": true,
  "base_spec": "/pa/tools/base_missile_tactical_turret/base_missile_tactical_turret.json",
  "carpet_fire": true,
  "carpet_wait_for_full_ammo": true,
  "firing_arc_pitch": 180,
  "firing_arc_yaw": 180,
  "max_range": 500,
  "pitch_range": 0,
  "pitch_rate": 180,
  "rate_of_fire": 3,
  "spread_fire": true,
  "target_layers": [
    "WL_LandHorizontal",
    "WL_WaterSurface",
    "Orbital"
  ],
  "tool_type": "TOOL_Weapon",
  "yaw_range": 0,
  "yaw_rate": 180
}