{
  "TEMP_texelinfo": 46.4947,
  "atrophy_cool_down": 15.0,
  "atrophy_rate": 5,
  "audio": {
    "selection_response": {
      "cue": "/SE/Selection/structure/radar"
    }
  },
  "base_spec": "/pa/units/land/base_structure/base_structure.json",
  "build_metal_cost": 2000,
  "consumption": {
    "energy": 2000
  },
  "description": "Deepspace Radar - Celestial radar telemetry.",
  "display_name": "Deepspace Radar",
  "energy_efficiency_requirement": 0.9,
  "events": {
    "build_complete": {
      "audio_cue": "/SE/Build_Complete/radar"
    },
    "died": {
      "audio_cue": "/SE/Death/radar",
      "effect_scale": 1.25
    }
  },
  "fx_offsets": [
    {
      "bone": "bone_antenna",
      "filename": "/pa/units/orbital/deep_space_radar/deep_space_radar_on.pfx",
      "offset": [
        14.0,
        0.0,
        0.0
      ],
      "orientation": [
        -90,
        0,
        0
      ],
      "type": "energy"
    },
    {
      "bone": "bone_door01",
      "filename": "/pa/units/orbital/deep_space_radar/deep_space_radar_door_on.pfx",
      "type": "energy"
    },
    {
      "bone": "bone_door02",
      "filename": "/pa/units/orbital/deep_space_radar/deep_space_radar_door_on.pfx",
      "type": "energy"
    },
    {
      "bone": "bone_door03",
      "filename": "/pa/units/orbital/deep_space_radar/deep_space_radar_door_on.pfx",
      "type": "energy"
    },
    {
      "bone": "bone_door04",
      "filename": "/pa/units/orbital/deep_space_radar/deep_space_radar_door_on.pfx",
      "type": "energy"
    }
  ],
  "max_health": 2000,
  "mesh_bounds": [
    29,
    29,
    15.2
  ],
  "model": [
    {
      "animations": {
        "end": "/pa/units/orbital/deep_space_radar/deep_space_radar_anim_end.papa",
        "loop": "/pa/units/orbital/deep_space_radar/deep_space_radar_anim_loop.papa",
        "start": "/pa/units/orbital/deep_space_radar/deep_space_radar_anim_start.papa"
      },
      "animtree": "/pa/anim/anim_trees/powered_loop_anim_tree.json",
      "filename": "/pa/units/orbital/deep_space_radar/deep_space_radar.papa",
      "layer": "WL_LandHorizontal",
      "skirt_decal": "/pa/effects/specs/skirt_orbital_radar.json"
    },
    {
      "animations": {
        "end": "/pa/units/orbital/deep_space_radar/deep_space_radar_anim_end.papa",
        "loop": "/pa/units/orbital/deep_space_radar/deep_space_radar_anim_loop.papa",
        "start": "/pa/units/orbital/deep_space_radar/deep_space_radar_anim_start.papa"
      },
      "animtree": "/pa/anim/anim_trees/powered_loop_anim_tree.json",
      "filename": "/pa/units/sea/deep_space_radar/deep_space_radar.papa",
      "layer": "WL_WaterSurface"
    }
  ],
  "physics": {
    "collision_layers": "WL_AnySurface"
  },
  "recon": {
    "observer": {
      "items": [
        {
          "channel": "sight",
          "layer": "surface_and_air",
          "radius": 70,
          "shape": "capsule"
        },
        {
          "channel": "radar",
          "layer": "celestial",
          "radius": 1,
          "shape": "sphere",
          "uses_energy": true
        },
        {
          "channel": "radar",
          "layer": "orbital",
          "radius": 300,
          "shape": "capsule",
          "uses_energy": true
        }
      ]
    }
  },
  "selection_icon": {
    "diameter": 22.0
  },
  "spawn_layers": "WL_AnySurface",
  "unit_types": [
    "UNITTYPE_Orbital",
    "UNITTYPE_Structure",
    "UNITTYPE_Land",
    "UNITTYPE_Advanced",
    "UNITTYPE_Recon",
    "UNITTYPE_FabAdvBuild",
    "UNITTYPE_Important"
  ]
}
