{
  "armor_damage_map": {
    "AT_Bot": 0.0,
    "AT_Commander": 0.0,
    "AT_Naval": 0.0,
    "AT_Structure": 0.0,
    "AT_Vehicle": 0.0
  },
  "base_spec": "/pa/ammo/base_ammo/base_ammo.json",
  "damage": 5,
  "events": {
    "died": {
      "audio_cue": "/SE/Impacts/shell_artillery",
      "effect_spec": "/pa/effects/specs/default_proj_flak_explosion.pfx"
    }
  },
  "flight_type": "Ballistic",
  "full_damage_splash_radius": 7.5,
  "fx_trail": {
    "filename": "/pa/effects/specs/bullet_proj_trail.pfx",
    "offset": [
      0,
      0,
      0
    ]
  },
  "initial_velocity": 700,
  "lifetime": 0.225,
  "max_velocity": 700,
  "model": {
    "filename": ""
  },
  "splash_damage": 2.5,
  "splash_damages_allies": true,
  "splash_radius": 30
}