{
  "TEMP_texelinfo": 11.3221,
  "audio": {
    "loops": {
      "move": {
        "cue": "/SE/Movement/air/air_bomber_loop",
        "flag": "vel_changed",
        "should_start_func": "is_moving",
        "should_stop_func": "is_not_moving"
      }
    },
    "selection_response": {
      "cue": "/SE/Selection/air/bomber_T2"
    }
  },
  "base_spec": "/pa/units/air/base_flyer/base_flyer.json",
  "build_metal_cost": 750,
  "description": "Torpedo Bomber: Anti-naval torpedos. Very effective vs Naval units, effective vs Naval Structures.",
  "display_name": "Kingfisher",
  "events": {
    "build_complete": {
      "audio_cue": "/SE/Build_Complete/air"
    },
    "died": {
      "audio_cue": "/SE/Death/Air"
    },
    "fired": {
      "audio_cue": "/SE/Weapons/air/bomber_fire"
    }
  },
  "fx_offsets": [
    {
      "filename": "/pa/effects/misc/jets.pfx",
      "offset": [
        5.1,
        2.5,
        1
      ],
      "type": "moving_forward"
    },
    {
      "filename": "/pa/effects/misc/jets.pfx",
      "offset": [
        -5.1,
        2.5,
        1
      ],
      "type": "moving_forward"
    }
  ],
  "guard_layer": "WL_AnySurface",
  "guard_radius": 100,
  "max_health": 200,
  "mesh_bounds": [
    23,
    9.5,
    4.8
  ],
  "model": {
    "arrows": 5,
    "filename": "/pa/units/air/bomber_naval/bomber_torpedo.papa"
  },
  "navigation": {
    "acceleration": 75,
    "aggressive_distance": 250.0,
    "aggressive_height": 100.0,
    "brake": 20,
    "dodge_multiplier": 0.0,
    "dodge_radius": 0,
    "move_speed": 60,
    "turn_speed": 55,
    "type": "air",
    "wobble_factor": 0.05,
    "wobble_speed": 0.1
  },
  "physics": {
    "air_friction": 1.0,
    "allow_pushing": false,
    "gravity_scalar": 1,
    "push_class": 2,
    "push_sideways": false,
    "radius": 6
  },
  "recon": {
    "observer": {
      "items": [
        {
          "channel": "sight",
          "layer": "surface_and_air",
          "radius": 120,
          "shape": "capsule"
        }
      ]
    }
  },
  "tools": [
    {
      "aim_bone": "bone_root",
      "muzzle_bone": "bone_socketMuzzle_left",
      "spec_id": "/pa/units/air/bomber_naval/bomber_naval_tool_weapon.json"
    },
    {
      "aim_bone": "bone_root",
      "muzzle_bone": "bone_socketMuzzle_right",
      "spec_id": "/pa/units/air/bomber_naval/bomber_naval_tool_weapon.json"
    }
  ],
  "unit_types": [
    "UNITTYPE_Bomber",
    "UNITTYPE_Offense",
    "UNITTYPE_Mobile",
    "UNITTYPE_Air",
    "UNITTYPE_Advanced",
    "UNITTYPE_FactoryBuild"
  ]
}