{
  "ammo_capacity": 30000,
  "ammo_demand": 10000000,
  "ammo_id": "/pa/ammo/missile_uber/cannon_uber.json",
  "ammo_per_shot": 30000,
  "ammo_source": "energy",
  "auto_attack": false,
  "auto_task_type": "none",
  "manual_fire": true,
  "max_range": 80,
  "pitch_range": 90,
  "pitch_rate": 360,
  "rate_of_fire": 10.0,
  "target_layers": [
    "WL_LandHorizontal",
    "WL_WaterSurface",
    "WL_Air"
  ],
  "tool_type": "TOOL_Weapon",
  "yaw_range": 180,
  "yaw_rate": 360
}