{
  "base_spec": "/pa/ammo/base_laser_blast/base_laser_blast.json",
  "damage": 325,
  "events": {
    "died": {
      "audio_cue": "/SE/Impacts/shell_tank",
      "effect_spec": "/pa/effects/specs/default_proj_explosion.pfx"
    }
  },
  "fx_trail": {
    "filename": "/pa/effects/specs/electric_shotgun_trail.pfx",
    "offset": [
      0.0,
      0.5,
      0.0
    ]
  },
  "initial_velocity": 300,
  "lifetime": 0.6,
  "max_velocity": 300,
  "splash_damage": 325,
  "splash_damages_allies": true,
  "splash_radius": 1
}