{
  "base_spec": "/pa/ammo/base_missiles/base_missile_aa_seeking.json",
  "damage": 75,
  "events": {
    "died": {
      "audio_cue": "/SE/Impacts/missile_tactical",
      "effect_scale": 0.3,
      "effect_spec": "/pa/effects/specs/default_explosion.pfx"
    }
  },
  "flight_type": "Seeking",
  "full_damage_splash_radius": 0.75,
  "fx_trail": {
    "filename": "/pa/effects/specs/rocket_proj_trail.pfx",
    "offset": [
      0.0,
      2.2,
      0.0
    ]
  },
  "initial_velocity": 90.0,
  "lifetime": 2,
  "max_velocity": 110.0,
  "splash_damage": 20,
  "splash_damages_allies": true,
  "splash_radius": 0.75,
  "turn_rate": 360
}