{
  "base_spec": "/pa/ammo/base_laser_blast/base_laser_blast.json",
  "damage": 70,
  "events": {
    "died": {
      "audio_cue": "/SE/Impacts/bot_spark_impact",
      "effect_scale": 0.75,
      "effect_spec": "/pa/effects/specs/tesla_hit.pfx"
    }
  },
  "full_damage_splash_radius": 5,
  "fx_trail": {
    "filename": "/pa/effects/specs/tesla_proj_trail.pfx"
  },
  "initial_velocity": 180.0,
  "lifetime": 1,
  "max_velocity": 180.0,
  "physics": {
    "add_to_spatial_db": false,
    "allow_underground": true,
    "gravity_scalar": 8,
    "push_class": 1,
    "radius": 1,
    "type": "Projectile"
  },
  "splash_damage": 70,
  "splash_radius": 7.5
}