{
  "ammo_type": "PBAOE",
  "armor_damage_map": {
    "AT_Orbital": 0.0
  },
  "burn_damage": 200,
  "burn_radius": 137,
  "damage": 2000,
  "damage_volume": {
    "burnable_remove_radius": 80.0,
    "delay": 1.0,
    "initial_radius": 10.0,
    "radius_accel": 0.0,
    "radius_velocity": 50.0
  },
  "full_damage_splash_radius": 1,
  "impact_decals": [
    "/pa/effects/specs/nuke_scorch_01.json"
  ],
  "sim_fire_effect": "/pa/units/land/bot_support_commander/supcom_death_ent.json",
  "splash_damages_allies": true,
  "splash_radius": 60
}