{
  "build_list": [
    {
      "base_sort": "FromBuilder",
      "build_conditions": [
        [
          {
            "boolean": true,
            "string0": "Vanilla",
            "test_type": "HasPersonalityTag"
          },
          {
            "test_type": "DesireMetal"
          },
          {
            "boolean": true,
            "test_type": "CanFindMetalSpotToBuildBasic"
          },
          {
            "boolean": true,
            "compare0": "<",
            "test_type": "UnitCountOnPlanet",
            "unit_type_string0": "Fabber - Orbital",
            "value0": 1
          }
        ],
        [
          {
            "boolean": true,
            "string0": "Vanilla",
            "test_type": "HasPersonalityTag"
          },
          {
            "test_type": "DesireMetal"
          },
          {
            "boolean": true,
            "test_type": "CanFindMetalSpotToBuildBasic"
          },
          {
            "boolean": true,
            "test_type": "CanDeployNavalFromBase"
          },
          {
            "boolean": true,
            "compare0": "<",
            "test_type": "UnitCountOnPlanet",
            "unit_type_string0": "Fabber & (Air | Naval)",
            "value0": 1
          }
        ]
      ],
      "builders": [
        "Commander"
      ],
      "instance_count": 1,
      "name": "Vanilla - Basic Metal Extractor - cdr Desire",
      "placement_rules": {
        "placement_type": "FromMainBaseCenter",
        "threat": {
          "compare_type": "<",
          "influence_type": "AntiSurface",
          "radius": 10,
          "value": 50
        }
      },
      "priority": 501,
      "shared_instance_count": "BasicMetal",
      "to_build": "BasicMetalExtractor"
    },
    {
      "build_conditions": [
        [
          {
            "boolean": true,
            "string0": "Vanilla",
            "test_type": "HasPersonalityTag"
          },
          {
            "test_type": "DesireEnergy"
          },
          {
            "compare0": ">=",
            "test_type": "UnitCount",
            "unit_type_string0": "EnergyProduction & Basic",
            "value0": 4
          },
          {
            "compare0": "<",
            "test_type": "UnitCount",
            "unit_type_string0": "EnergyProduction & Advanced",
            "value0": 1
          },
          {
            "string0": "BasicEnergyGenerator",
            "test_type": "CanFindPlaceToBuild"
          }
        ]
      ],
      "builders": [
        "Commander"
      ],
      "cross_planet_shared_count": true,
      "instance_count": 1,
      "max_num_assisters": 3,
      "name": "Vanilla - Basic Energy Generator - late Desire cdr",
      "placement_rules": {
        "buffer": 6,
        "placement_type": "FromBaseCenter",
        "threat": {
          "compare_type": "<",
          "influence_type": "AntiSurface",
          "radius": 10,
          "value": 50
        }
      },
      "priority": 350,
      "shared_instance_count": "BasicEnergy",
      "to_build": "BasicEnergyGenerator"
    },
    {
      "build_conditions": [
        [
          {
            "boolean": true,
            "string0": "Vanilla",
            "test_type": "HasPersonalityTag"
          },
          {
            "test_type": "DesireEnergy"
          },
          {
            "compare0": "<",
            "test_type": "UnitCount",
            "unit_type_string0": "EnergyProduction & Basic",
            "value0": 4
          },
          {
            "compare0": "<",
            "test_type": "UnitCount",
            "unit_type_string0": "EnergyProduction & Advanced",
            "value0": 1
          },
          {
            "string0": "BasicEnergyGenerator",
            "test_type": "CanFindPlaceToBuild"
          }
        ]
      ],
      "builders": [
        "Commander"
      ],
      "cross_planet_shared_count": true,
      "instance_count": 1,
      "max_num_assisters": 3,
      "name": "Vanilla - Basic Energy Generator - early Desire Cdr",
      "placement_rules": {
        "buffer": 6,
        "placement_type": "FromBaseCenter",
        "threat": {
          "compare_type": "<",
          "influence_type": "AntiSurface",
          "radius": 10,
          "value": 50
        }
      },
      "priority": 500,
      "shared_instance_count": "BasicEnergy",
      "to_build": "BasicEnergyGenerator"
    }
  ]
}