{
  "build_list": [
    {
      "build_conditions": [
        [
          {
            "test_type": "CanAffordBuildDemand"
          },
          {
            "compare0": "<",
            "test_type": "UnitCountOnPlanet",
            "unit_type_string0": "(Recon & Advanced - Orbital) | (Recon & Orbital - Structure)",
            "value0": 1
          },
          {
            "compare0": "<",
            "test_type": "UnitCountInBase",
            "unit_type_string0": "Land & Structure & Recon & Basic",
            "value0": 1
          },
          {
            "string0": "BasicRadar",
            "test_type": "CanAffordPotentialDrain"
          },
          {
            "compare0": "<",
            "string0": "Ally",
            "test_type": "UnitCountAroundBase",
            "unit_type_string0": "Land & Structure & Recon & Basic",
            "value0": 200,
            "value1": 1
          },
          {
            "string0": "BasicRadar",
            "test_type": "CanFindPlaceToBuild"
          }
        ]
      ],
      "builders": [
        "AnyFabber"
      ],
      "instance_count": 1,
      "name": "Basic Radar",
      "placement_rules": {
        "buffer": 2,
        "threat": {
          "compare_type": "<",
          "influence_type": "AntiSurface",
          "radius": 10,
          "value": 50
        }
      },
      "priority": 90,
      "shared_instance_count": "BasicRadar",
      "to_build": "BasicRadar"
    },
    {
      "build_conditions": [
        [
          {
            "test_type": "CanAffordBuildDemand"
          },
          {
            "compare0": "<",
            "test_type": "UnitCountOnPlanet",
            "unit_type_string0": "(Recon & Advanced - Orbital) | (Recon & Orbital - Structure)",
            "value0": 1
          },
          {
            "compare0": "<",
            "test_type": "UnitCountInBase",
            "unit_type_string0": "Land & Structure & Recon & Basic",
            "value0": 1
          },
          {
            "compare0": ">",
            "test_type": "UnitCountInBase",
            "unit_type_string0": "Structure & (Artillery | Tactical)",
            "value0": 0
          },
          {
            "string0": "BasicRadar",
            "test_type": "CanAffordPotentialDrain"
          },
          {
            "compare0": "<",
            "string0": "Ally",
            "test_type": "UnitCountAroundBase",
            "unit_type_string0": "Land & Structure & Recon & Basic",
            "value0": 200,
            "value1": 1
          },
          {
            "string0": "BasicRadar",
            "test_type": "CanFindPlaceToBuild"
          }
        ]
      ],
      "builders": [
        "AnyFabber"
      ],
      "instance_count": 1,
      "name": "Basic Radar - Need for Ranged",
      "placement_rules": {
        "buffer": 2,
        "threat": {
          "compare_type": "<",
          "influence_type": "AntiSurface",
          "radius": 10,
          "value": 50
        }
      },
      "priority": 246,
      "shared_instance_count": "BasicRadar",
      "to_build": "BasicRadar"
    },
    {
      "build_conditions": [
        [
          {
            "test_type": "CanAffordBuildDemand"
          },
          {
            "compare0": ">",
            "test_type": "UnitCountOnPlanet",
            "unit_type_string0": "Factory & Naval",
            "value0": 1
          },
          {
            "compare0": "<",
            "test_type": "UnitCountOnPlanet",
            "unit_type_string0": "Recon & Naval & Advanced",
            "value0": 1
          },
          {
            "compare0": "<",
            "test_type": "UnitCountInBase",
            "unit_type_string0": "Naval & Structure & Recon & Basic",
            "value0": 1
          },
          {
            "string0": "BasicSonar",
            "test_type": "CanAffordPotentialDrain"
          },
          {
            "compare0": "<",
            "string0": "Ally",
            "test_type": "UnitCountAroundBase",
            "unit_type_string0": "Naval & Structure & Recon & Basic",
            "value0": 200,
            "value1": 1
          },
          {
            "string0": "BasicSonar",
            "test_type": "CanFindPlaceToBuild"
          }
        ]
      ],
      "builders": [
        "BasicAirFabber",
        "BasicNavalFabber",
        "Commander"
      ],
      "instance_count": 1,
      "name": "Basic Sonar",
      "placement_rules": {
        "buffer": 2,
        "threat": {
          "compare_type": "<",
          "influence_type": "AntiSurface",
          "radius": 10,
          "value": 50
        }
      },
      "priority": 90,
      "shared_instance_count": "BasicSonar",
      "to_build": "BasicSonar"
    },
    {
      "build_conditions": [
        [
          {
            "test_type": "CanAffordBuildDemand"
          },
          {
            "boolean": true,
            "test_type": "HaveSeenEnemyUnits",
            "unit_type_string0": "Mobile & Sub"
          },
          {
            "compare0": "<",
            "test_type": "UnitCountInBase",
            "unit_type_string0": "Naval & Structure & Recon & Basic",
            "value0": 1
          },
          {
            "string0": "BasicSonar",
            "test_type": "CanAffordPotentialDrain"
          },
          {
            "compare0": "<",
            "string0": "Ally",
            "test_type": "UnitCountAroundBase",
            "unit_type_string0": "Naval & Structure & Recon & Basic",
            "value0": 200,
            "value1": 1
          },
          {
            "string0": "BasicSonar",
            "test_type": "CanFindPlaceToBuild"
          }
        ]
      ],
      "builders": [
        "BasicAirFabber",
        "BasicNavalFabber",
        "Commander"
      ],
      "instance_count": 1,
      "name": "Basic Sonar - Threat",
      "placement_rules": {
        "buffer": 2,
        "threat": {
          "compare_type": "<",
          "influence_type": "AntiSurface",
          "radius": 10,
          "value": 50
        }
      },
      "priority": 90,
      "shared_instance_count": "BasicSonar",
      "to_build": "BasicSonar"
    },
    {
      "build_conditions": [
        [
          {
            "test_type": "CanAffordBuildDemand"
          },
          {
            "compare0": ">",
            "test_type": "UnitCountOnPlanet",
            "unit_type_string0": "(Factory & Construction) - Orbital - NukeDefense - Nuke - SelfDestruct",
            "value0": 1
          },
          {
            "compare0": "<",
            "test_type": "UnitCountOnPlanet",
            "unit_type_string0": "(Recon & Structure - Orbital) | (Recon & Orbital - Structure)",
            "value0": 1
          },
          {
            "string0": "BasicRadar",
            "test_type": "CanAffordPotentialDrain"
          },
          {
            "string0": "BasicRadar",
            "test_type": "CanFindPlaceToBuild"
          }
        ]
      ],
      "builders": [
        "AnyFabber"
      ],
      "instance_count": 1,
      "name": "Basic Radar - Have none",
      "placement_rules": {
        "buffer": 2,
        "threat": {
          "compare_type": "<",
          "influence_type": "AntiSurface",
          "radius": 10,
          "value": 50
        }
      },
      "priority": 605,
      "shared_instance_count": "BasicRadar",
      "to_build": "BasicRadar"
    },
    {
      "build_conditions": [
        [
          {
            "test_type": "CanAffordBuildDemand"
          },
          {
            "compare0": ">",
            "test_type": "UnitCountOnPlanet",
            "unit_type_string0": "(Factory & Construction) - Orbital - NukeDefense - Nuke",
            "value0": 1
          },
          {
            "compare0": "<",
            "test_type": "UnitCountOnPlanet",
            "unit_type_string0": "Recon & Naval",
            "value0": 1
          },
          {
            "string0": "BasicSonar",
            "test_type": "CanAffordPotentialDrain"
          },
          {
            "string0": "BasicSonar",
            "test_type": "CanFindPlaceToBuild"
          }
        ]
      ],
      "builders": [
        "BasicAirFabber",
        "BasicNavalFabber",
        "Commander"
      ],
      "instance_count": 1,
      "name": "Basic Sonar - Have none",
      "placement_rules": {
        "buffer": 2,
        "threat": {
          "compare_type": "<",
          "influence_type": "AntiSurface",
          "radius": 10,
          "value": 50
        }
      },
      "priority": 605,
      "shared_instance_count": "BasicSonar",
      "to_build": "BasicSonar"
    },
    {
      "build_conditions": [
        [
          {
            "test_type": "CanAffordBuildDemand"
          },
          {
            "compare0": "<",
            "test_type": "UnitCountInBase",
            "unit_type_string0": "Land & Structure & Recon & Advanced",
            "value0": 1
          },
          {
            "string0": "AdvancedRadar",
            "test_type": "CanAffordPotentialDrain"
          },
          {
            "compare0": "<",
            "string0": "Ally",
            "test_type": "UnitCountAroundBase",
            "unit_type_string0": "Land & Structure & Recon & Advanced",
            "value0": 350,
            "value1": 1
          },
          {
            "string0": "AdvancedRadar",
            "test_type": "CanFindPlaceToBuild"
          }
        ]
      ],
      "builders": [
        "AnyAdvancedFabber",
        "SupportCommander"
      ],
      "instance_count": 1,
      "name": "Advanced Radar",
      "placement_rules": {
        "buffer": 2,
        "threat": {
          "compare_type": "<",
          "influence_type": "AntiSurface",
          "radius": 10,
          "value": 50
        }
      },
      "priority": 91,
      "shared_instance_count": "AdvancedRadar",
      "to_build": "AdvancedRadar"
    },
    {
      "build_conditions": [
        [
          {
            "test_type": "CanAffordBuildDemand"
          },
          {
            "compare0": "<",
            "test_type": "UnitCountInBase",
            "unit_type_string0": "Land & Structure & Recon & Advanced",
            "value0": 1
          },
          {
            "string0": "AdvancedRadar",
            "test_type": "CanAffordPotentialDrain"
          },
          {
            "compare0": ">",
            "test_type": "UnitCountInBase",
            "unit_type_string0": "Structure & (Artillery | Tactical)",
            "value0": 0
          },
          {
            "compare0": "<",
            "string0": "Ally",
            "test_type": "UnitCountAroundBase",
            "unit_type_string0": "Land & Structure & Recon & Advanced",
            "value0": 350,
            "value1": 1
          },
          {
            "string0": "AdvancedRadar",
            "test_type": "CanFindPlaceToBuild"
          }
        ]
      ],
      "builders": [
        "AnyAdvancedFabber",
        "SupportCommander"
      ],
      "instance_count": 1,
      "name": "Advanced Radar - Need for Ranged",
      "placement_rules": {
        "buffer": 2,
        "threat": {
          "compare_type": "<",
          "influence_type": "AntiSurface",
          "radius": 10,
          "value": 50
        }
      },
      "priority": 247,
      "shared_instance_count": "AdvancedRadar",
      "to_build": "AdvancedRadar"
    },
    {
      "build_conditions": [
        [
          {
            "test_type": "CanAffordBuildDemand"
          },
          {
            "compare0": ">",
            "test_type": "UnitCountOnPlanet",
            "unit_type_string0": "Factory & Naval",
            "value0": 1
          },
          {
            "compare0": "<",
            "test_type": "UnitCountInBase",
            "unit_type_string0": "Naval & Structure & Recon & Advanced",
            "value0": 1
          },
          {
            "string0": "AdvancedSonar",
            "test_type": "CanAffordPotentialDrain"
          },
          {
            "compare0": "<",
            "string0": "Ally",
            "test_type": "UnitCountAroundBase",
            "unit_type_string0": "Naval & Structure & Recon & Advanced",
            "value0": 350,
            "value1": 1
          },
          {
            "string0": "AdvancedSonar",
            "test_type": "CanFindPlaceToBuild"
          }
        ]
      ],
      "builders": [
        "AnyAdvancedFabber"
      ],
      "instance_count": 1,
      "name": "Advanced Sonar",
      "placement_rules": {
        "buffer": 2,
        "threat": {
          "compare_type": "<",
          "influence_type": "AntiSurface",
          "radius": 10,
          "value": 50
        }
      },
      "priority": 91,
      "shared_instance_count": "AdvancedSonar",
      "to_build": "AdvancedSonar"
    },
    {
      "build_conditions": [
        [
          {
            "test_type": "CanAffordBuildDemand"
          },
          {
            "compare0": "<",
            "test_type": "UnitCountOnPlanet",
            "unit_type_string0": "(Recon & Structure - Orbital) | (Recon & Orbital - Structure)",
            "value0": 1
          },
          {
            "string0": "AdvancedRadar",
            "test_type": "CanAffordPotentialDrain"
          },
          {
            "string0": "AdvancedRadar",
            "test_type": "CanFindPlaceToBuild"
          }
        ]
      ],
      "builders": [
        "AnyAdvancedFabber",
        "SupportCommander"
      ],
      "instance_count": 1,
      "name": "Advanced Radar - Have none",
      "placement_rules": {
        "buffer": 2,
        "threat": {
          "compare_type": "<",
          "influence_type": "AntiSurface",
          "radius": 10,
          "value": 50
        }
      },
      "priority": 265,
      "shared_instance_count": "AdvancedRadar",
      "to_build": "AdvancedRadar"
    }
  ]
}