{
  "TEMP_texelinfo": 77.8386,
  "atrophy_cool_down": 15.0,
  "atrophy_rate": 650,
  "audio": {
    "loops": {
      "enabled": {
        "cue": "/SE/Celestial/Planet_Engines_Loop",
        "flag": "enable_changed",
        "interplanetary": true,
        "should_start_func": "is_enabled",
        "should_stop_func": "is_disabled"
      }
    }
  },
  "base_spec": "/pa/units/land/base_structure/base_structure.json",
  "build_metal_cost": 7000,
  "build_restrictions": "Thrustable",
  "description": "Delta V Engine- Used to move small to medium celestial bodies. 7 are required to move a decently sized asteroid.",
  "display_name": "Halley",
  "events": {
    "build_complete": {
      "audio_cue": "/SE/Build_Complete/delta_v"
    },
    "died": {
      "audio_cue": "/SE/Death/delta_v",
      "effect_scale": 1.0,
      "effect_spec": "/pa/effects/specs/default_building_explosion_large.pfx"
    }
  },
  "fx_offsets": [
    {
      "filename": "/pa/units/orbital/delta_v_engine/delta_v_jet.pfx",
      "offset": [
        0,
        0,
        21
      ],
      "orientation": [
        0,
        0,
        0
      ],
      "type": "enabled"
    }
  ],
  "headlights": [
    {
      "color": [
        1.0,
        1.0,
        1.0
      ],
      "far_distance": 30.0,
      "gobo": "/pa/effects/textures/gobo/spotlight_gobo.papa",
      "intensity": 3.0,
      "near_distance": 2.5,
      "near_height": 5.5,
      "near_width": 5.5,
      "offset": [
        20.4,
        20.4,
        15.6
      ],
      "orientation": [
        25.0,
        -23.0,
        0.0
      ]
    },
    {
      "color": [
        1.0,
        1.0,
        1.0
      ],
      "far_distance": 30.0,
      "gobo": "/pa/effects/textures/gobo/spotlight_gobo.papa",
      "intensity": 3.0,
      "near_distance": 2.5,
      "near_height": 5.5,
      "near_width": 5.5,
      "offset": [
        20.4,
        -20.4,
        15.6
      ],
      "orientation": [
        25.0,
        23.0,
        0.0
      ]
    },
    {
      "color": [
        1.0,
        1.0,
        1.0
      ],
      "far_distance": 30.0,
      "gobo": "/pa/effects/textures/gobo/spotlight_gobo.papa",
      "intensity": 3.0,
      "near_distance": 2.5,
      "near_height": 5.5,
      "near_width": 5.5,
      "offset": [
        -20.4,
        20.4,
        15.6
      ],
      "orientation": [
        -25.0,
        -23.0,
        0.0
      ]
    },
    {
      "color": [
        1.0,
        1.0,
        1.0
      ],
      "far_distance": 30.0,
      "gobo": "/pa/effects/textures/gobo/spotlight_gobo.papa",
      "intensity": 3.0,
      "near_distance": 2.5,
      "near_height": 5.5,
      "near_width": 5.5,
      "offset": [
        -20.4,
        -20.4,
        15.6
      ],
      "orientation": [
        -25.0,
        23.0,
        0.0
      ]
    }
  ],
  "lamps": [
    {
      "color": [
        1.0,
        0.0,
        0.0
      ],
      "intensity": 2.0,
      "offset": [
        -21.39,
        9.9,
        11.25
      ],
      "radius": 4.0
    },
    {
      "color": [
        1.0,
        0.0,
        0.0
      ],
      "intensity": 2.0,
      "offset": [
        -21.39,
        -9.9,
        11.25
      ],
      "radius": 4.0
    },
    {
      "color": [
        1.0,
        0.0,
        0.0
      ],
      "intensity": 2.0,
      "offset": [
        25.44,
        0.0,
        12.4
      ],
      "radius": 4.0
    },
    {
      "color": [
        1.0,
        1.0,
        1.0
      ],
      "intensity": 2.0,
      "offset": [
        -23.8,
        0.0,
        14.7
      ],
      "radius": 3.0
    },
    {
      "color": [
        1.0,
        1.0,
        1.0
      ],
      "intensity": 2.0,
      "offset": [
        20.4,
        20.4,
        15.6
      ],
      "radius": 3.0
    },
    {
      "color": [
        1.0,
        1.0,
        1.0
      ],
      "intensity": 2.0,
      "offset": [
        20.4,
        -20.4,
        15.6
      ],
      "radius": 3.0
    },
    {
      "color": [
        1.0,
        1.0,
        1.0
      ],
      "intensity": 2.0,
      "offset": [
        -20.4,
        20.4,
        15.6
      ],
      "radius": 3.0
    },
    {
      "color": [
        1.0,
        1.0,
        1.0
      ],
      "intensity": 2.0,
      "offset": [
        -20.4,
        -20.4,
        15.6
      ],
      "radius": 3.0
    },
    {
      "bone": "bone_cross01",
      "color": [
        1.0,
        1.0,
        1.0
      ],
      "intensity": 2.0,
      "offset": [
        14.38,
        0.0,
        2.0
      ],
      "radius": 3.0
    },
    {
      "bone": "bone_cross02",
      "color": [
        1.0,
        1.0,
        1.0
      ],
      "intensity": 2.0,
      "offset": [
        14.38,
        0.0,
        2.0
      ],
      "radius": 3.0
    },
    {
      "bone": "bone_cross03",
      "color": [
        1.0,
        1.0,
        1.0
      ],
      "intensity": 2.0,
      "offset": [
        14.38,
        0.0,
        2.0
      ],
      "radius": 3.0
    },
    {
      "bone": "bone_cross04",
      "color": [
        1.0,
        1.0,
        1.0
      ],
      "intensity": 2.0,
      "offset": [
        14.38,
        0.0,
        2.0
      ],
      "radius": 3.0
    }
  ],
  "max_health": 5000,
  "mesh_bounds": [
    50.0454,
    50.0306,
    43
  ],
  "model": {
    "animations": {
      "end": "/pa/units/orbital/delta_v_engine/delta_v_engine_anim_end.papa",
      "loop": "/pa/units/orbital/delta_v_engine/delta_v_engine_anim_loop.papa",
      "start": "/pa/units/orbital/delta_v_engine/delta_v_engine_anim_start.papa"
    },
    "animtree": "/pa/anim/anim_trees/constant_idle_transition_anim_tree.json",
    "filename": "/pa/units/orbital/delta_v_engine/delta_v_engine.papa"
  },
  "orbital_thruster": {
    "power": 0.15
  },
  "physics": {
    "collision_layers": "WL_AnyHorizontalGroundOrWaterSurface"
  },
  "recon": {
    "observable": {
      "always_visible": true
    },
    "observer": {
      "items": [
        {
          "channel": "sight",
          "layer": "surface_and_air",
          "radius": 110,
          "shape": "capsule"
        }
      ]
    }
  },
  "selection_icon": {
    "diameter": 65.0
  },
  "unit_types": [
    "UNITTYPE_Factory",
    "UNITTYPE_Construction",
    "UNITTYPE_Structure",
    "UNITTYPE_Land",
    "UNITTYPE_PlanetEngine",
    "UNITTYPE_Advanced",
    "UNITTYPE_FabAdvBuild",
    "UNITTYPE_Important"
  ]
}