{
  "base_spec": "/pa/ammo/base_laser_blast/base_laser_blast.json",
  "burn_damage": 8,
  "burn_duration": 1,
  "burn_radius": 1,
  "damage": 50,
  "events": {
    "spawned": {
      "audio_cue": "/SE/Weapons/structure/laser_defense_single_fire"
    }
  },
  "flight_type": "Direct",
  "fx_trail": {
    "filename": "/pa/units/land/laser_defense_single/laser_defense_single_ammo_trail.pfx"
  },
  "initial_velocity": 500,
  "lifetime": 2,
  "max_velocity": 500,
  "physics": {
    "gravity_scalar": 1,
    "ignore_gravity": true
  },
  "splash_damage": 50,
  "splash_damages_allies": true,
  "splash_radius": 0.5
}