{
  "build_list": [
    {
      "build_conditions": [
        [
          {
            "boolean": true,
            "string0": "Vanilla",
            "test_type": "HasPersonalityTag"
          },
          {
            "boolean": true,
            "test_type": "WantCommanderOffPlanetByTeleporter"
          },
          {
            "compare0": ">",
            "test_type": "UnitCountOnPlanet",
            "unit_type_string0": "Structure & Teleporter",
            "value0": 0
          }
        ]
      ],
      "builders": [
        "Commander"
      ],
      "instance_count": 1,
      "name": "Vanilla - Teleport Commander To Planet",
      "priority": 1001,
      "task_type": "TeleportFabberToPlanet"
    }
  ]
}