{
  "TEMP_texelinfo": 26.4194,
  "area_build_separation": 75,
  "area_build_type": "Sphere",
  "atrophy_cool_down": 15.0,
  "atrophy_rate": 60,
  "attachable": {
    "offsets": {
      "root": [
        0,
        0,
        0
      ]
    }
  },
  "base_spec": "/pa/units/orbital/base_orbital_structure/base_orbital_structure.json",
  "build_metal_cost": 1500,
  "command_caps": [
    "ORDER_Attack",
    "ORDER_Assist"
  ],
  "description": "Defense Satellite - Area denial. Medium rate of fire. Durable. Attacks everything.",
  "display_name": "Anchor",
  "events": {
    "build_complete": {
      "audio_cue": "/SE/Build_Complete/orbital"
    },
    "died": {
      "audio_cue": "/SE/Death/orbital"
    },
    "fired0": {
      "audio_cue": "/SE/Weapons/orb/defense_satellite_fire"
    },
    "fired1": {
      "audio_cue": "/SE/Weapons/orb/defense_satellite_fire_in_orbit"
    },
    "fired2": {
      "audio_cue": "/SE/Weapons/orb/defense_satellite_fire_in_orbit"
    }
  },
  "gravwell_velocity_multiplier": 6.0,
  "guard_layer": "WL_Orbital",
  "max_health": 2000,
  "mesh_bounds": [
    23,
    23,
    6
  ],
  "model": {
    "animations": {
      "fire": "/pa/units/orbital/defense_satellite/defense_satellite_anim_fire.papa"
    },
    "animtree": "/pa/anim/anim_trees/defense_satellite_anim_tree.json",
    "filename": "/pa/units/orbital/defense_satellite/defense_satellite.papa"
  },
  "physics": {
    "collision_layers": "WL_Orbital",
    "gravity_scalar": 0.001,
    "radius": 15
  },
  "placement_size": [
    50,
    50
  ],
  "recon": {
    "observer": {
      "items": [
        {
          "channel": "sight",
          "layer": "orbital",
          "radius": 600,
          "shape": "sphere"
        },
        {
          "channel": "sight",
          "layer": "surface_and_air",
          "radius": 120,
          "shape": "capsule"
        }
      ]
    }
  },
  "selection_icon": {
    "diameter": 43.0
  },
  "spawn_layers": "WL_Orbital",
  "tools": [
    {
      "aim_bone": "bone_turret01",
      "fire_event": "fired0",
      "muzzle_bone": [
        "socket_muzzle01_a",
        "socket_muzzle01_b",
        "socket_muzzle01_c"
      ],
      "record_index": 0,
      "spec_id": "/pa/units/orbital/defense_satellite/defense_satellite_tool_ground.json"
    },
    {
      "aim_bone": "bone_turret02",
      "fire_event": "fired1",
      "muzzle_bone": [
        "socket_muzzle02_right",
        "socket_muzzle02_left"
      ],
      "record_index": 1,
      "spec_id": "/pa/units/orbital/defense_satellite/defense_satellite_tool_orbital.json"
    },
    {
      "aim_bone": "bone_turret03",
      "fire_event": "fired2",
      "muzzle_bone": [
        "socket_muzzle03_right",
        "socket_muzzle03_left"
      ],
      "record_index": 2,
      "spec_id": "/pa/units/orbital/defense_satellite/defense_satellite_tool_orbital.json"
    }
  ],
  "unit_types": [
    "UNITTYPE_Structure",
    "UNITTYPE_Orbital",
    "UNITTYPE_Defense",
    "UNITTYPE_OrbitalDefense",
    "UNITTYPE_Advanced",
    "UNITTYPE_FabOrbBuild"
  ],
  "wreckage_health_frac": 0.0
}