{
  "author": "Stuart98",
  "build": "87296",
  "category": [
    "Units",
    "Balance"
  ],
  "context": "client",
  "date": "2015/09/22",
  "dependencies": [
    "com.stuart98.gatitans"
  ],
  "description": "Icons and Hotbuild2 support for GAT.",
  "display_name": "Galactic Annihilation Titans Client",
  "enabled": true,
  "forum": "https://forums.uberent.com/threads/soon.70525/",
  "icon": "http://i.imgur.com/g8m0AAg.png?1",
  "identifier": "com.stuart98.gat.client",
  "priority": 100,
  "signature": "(not yet implemented)",
  "version": "2.0"
}