{
  "build_list": [
    {
      "build_conditions": [
        [
          {
            "boolean": true,
            "string0": "Vanilla",
            "test_type": "HasPersonalityTag"
          },
          {
            "boolean": false,
            "test_type": "HaveEcoForAdvanced"
          },
          {
            "boolean": false,
            "test_type": "NeedBasicNavalFactory"
          },
          {
            "string0": "BasicNavalFactory",
            "test_type": "CanAffordPotentialDrain"
          },
          {
            "boolean": true,
            "test_type": "CanDeployNavalFromBase"
          },
          {
            "string0": "BasicNavalFactory",
            "test_type": "CanFindPlaceToBuild"
          }
        ],
        [
          {
            "boolean": true,
            "string0": "Vanilla",
            "test_type": "HasPersonalityTag"
          },
          {
            "boolean": true,
            "test_type": "HaveEcoForAdvanced"
          },
          {
            "boolean": true,
            "test_type": "NeedBasicNavalFactory"
          },
          {
            "string0": "BasicNavalFactory",
            "test_type": "CanAffordPotentialDrain"
          },
          {
            "boolean": true,
            "test_type": "CanDeployNavalFromBase"
          },
          {
            "string0": "BasicNavalFactory",
            "test_type": "CanFindPlaceToBuild"
          }
        ],
        [
          {
            "boolean": true,
            "string0": "Vanilla",
            "test_type": "HasPersonalityTag"
          },
          {
            "boolean": true,
            "test_type": "HaveEcoForAdvanced"
          },
          {
            "boolean": true,
            "test_type": "NeedAdvancedNavalFactory"
          },
          {
            "compare0": "<",
            "test_type": "UnitCountOnPlanet",
            "unit_type_string0": "(Factory & Construction & Naval & Basic) - Orbital",
            "value0": 1
          },
          {
            "string0": "BasicNavalFactory",
            "test_type": "CanAffordPotentialDrain"
          },
          {
            "boolean": true,
            "test_type": "CanDeployNavalFromBase"
          },
          {
            "string0": "BasicNavalFactory",
            "test_type": "CanFindPlaceToBuild"
          }
        ],
        [
          {
            "boolean": true,
            "string0": "Vanilla",
            "test_type": "HasPersonalityTag"
          },
          {
            "boolean": true,
            "test_type": "UnableToExpand"
          },
          {
            "boolean": true,
            "test_type": "NeedBasicNavalFactory"
          },
          {
            "compare0": "<=",
            "test_type": "UnitCountOnPlanet",
            "unit_type_string0": "(Factory & Construction) - Orbital",
            "value0": 0
          },
          {
            "string0": "BasicNavalFactory",
            "test_type": "CanFindPlaceToBuild"
          }
        ]
      ],
      "builders": [
        "Commander",
        "BasicAirFabber",
        "AdvancedAirFabber",
        "BasicNavalFabber",
        "AdvancedNavalFabber"
      ],
      "instance_count": 1,
      "max_num_assisters": 5,
      "min_num_assisters": 2,
      "name": "Vanilla - Basic Naval Factory",
      "placement_rules": {
        "buffer": 3,
        "threat": {
          "compare_type": "<",
          "influence_type": "AntiSurface",
          "radius": 10,
          "value": 50
        }
      },
      "priority": 376,
      "shared_instance_count": "BasicFactory",
      "to_build": "BasicNavalFactory"
    },
    {
      "build_conditions": [
        [
          {
            "boolean": true,
            "string0": "Vanilla",
            "test_type": "HasPersonalityTag"
          },
          {
            "boolean": false,
            "test_type": "HaveEcoForAdvanced"
          },
          {
            "boolean": true,
            "string0": "PreventsWaste",
            "test_type": "HasPersonalityTag"
          },
          {
            "compare0": ">",
            "test_type": "CurrentMetalEfficiency",
            "value0": 1
          },
          {
            "compare0": ">",
            "test_type": "MetalStorageFrac",
            "value0": 0.05
          },
          {
            "compare0": ">=",
            "test_type": "CurrentEnergyEfficiency",
            "value0": 1
          },
          {
            "boolean": false,
            "test_type": "NeedBasicNavalFactory"
          },
          {
            "boolean": true,
            "test_type": "CanDeployNavalFromBase"
          },
          {
            "string0": "BasicNavalFactory",
            "test_type": "CanAffordPotentialDrain"
          },
          {
            "string0": "BasicNavalFactory",
            "test_type": "CanFindPlaceToBuild"
          }
        ],
        [
          {
            "boolean": true,
            "string0": "Vanilla",
            "test_type": "HasPersonalityTag"
          },
          {
            "boolean": true,
            "test_type": "HaveEcoForAdvanced"
          },
          {
            "compare0": ">",
            "test_type": "CurrentMetalEfficiency",
            "value0": 1
          },
          {
            "compare0": ">",
            "test_type": "MetalStorageFrac",
            "value0": 0.05
          },
          {
            "compare0": ">=",
            "test_type": "CurrentEnergyEfficiency",
            "value0": 1
          },
          {
            "boolean": true,
            "test_type": "NeedBasicNavalFactory"
          },
          {
            "boolean": true,
            "test_type": "CanDeployNavalFromBase"
          },
          {
            "string0": "BasicNavalFactory",
            "test_type": "CanAffordPotentialDrain"
          },
          {
            "string0": "BasicNavalFactory",
            "test_type": "CanFindPlaceToBuild"
          }
        ]
      ],
      "builders": [
        "Commander",
        "BasicAirFabber",
        "AdvancedAirFabber",
        "BasicNavalFabber",
        "AdvancedNavalFabber"
      ],
      "instance_count": 1,
      "max_num_assisters": 5,
      "min_num_assisters": 2,
      "name": "Vanilla - Basic Naval Factory - Wasting",
      "placement_rules": {
        "buffer": 3,
        "threat": {
          "compare_type": "<",
          "influence_type": "AntiSurface",
          "radius": 10,
          "value": 50
        }
      },
      "priority": 515,
      "shared_instance_count": "BasicFactory",
      "to_build": "BasicNavalFactory"
    },
    {
      "build_conditions": [
        [
          {
            "boolean": true,
            "string0": "Vanilla",
            "test_type": "HasPersonalityTag"
          },
          {
            "boolean": true,
            "test_type": "HaveEcoForAdvanced"
          },
          {
            "boolean": true,
            "test_type": "NeedAdvancedNavalFactory"
          },
          {
            "string0": "AdvancedNavalFactory",
            "test_type": "CanAffordPotentialDrain"
          },
          {
            "boolean": true,
            "test_type": "CanDeployNavalFromBase"
          },
          {
            "string0": "AdvancedNavalFactory",
            "test_type": "CanFindPlaceToBuild"
          }
        ],
        [
          {
            "boolean": true,
            "string0": "Vanilla",
            "test_type": "HasPersonalityTag"
          },
          {
            "boolean": true,
            "test_type": "UnableToExpand"
          },
          {
            "boolean": true,
            "test_type": "NeedAdvancedNavalFactory"
          },
          {
            "compare0": "<",
            "test_type": "UnitCountOnPlanet",
            "unit_type_string0": "(Factory & Advanced) - NukeDefense - Nuke - SelfDestruct",
            "value0": 1
          },
          {
            "boolean": true,
            "test_type": "CanDeployNavalFromBase"
          },
          {
            "string0": "AdvancedNavalFactory",
            "test_type": "CanFindPlaceToBuild"
          }
        ]
      ],
      "builders": [
        "BasicNavalFabber",
        "AdvancedNavalFabber"
      ],
      "instance_count": 1,
      "max_num_assisters": 5,
      "min_num_assisters": 3,
      "name": "Vanilla - Advanced Naval Factory",
      "placement_rules": {
        "buffer": 3,
        "threat": {
          "compare_type": "<",
          "influence_type": "AntiSurface",
          "radius": 10,
          "value": 50
        }
      },
      "priority": 477,
      "shared_instance_count": "AdvancedFactory",
      "to_build": "AdvancedNavalFactory"
    },
    {
      "build_conditions": [
        [
          {
            "boolean": true,
            "string0": "Vanilla",
            "test_type": "HasPersonalityTag"
          },
          {
            "boolean": true,
            "test_type": "HaveEcoForAdvanced"
          },
          {
            "boolean": true,
            "string0": "PreventsWaste",
            "test_type": "HasPersonalityTag"
          },
          {
            "compare0": ">",
            "test_type": "CurrentMetalEfficiency",
            "value0": 1
          },
          {
            "compare0": ">",
            "test_type": "MetalStorageFrac",
            "value0": 0.05
          },
          {
            "compare0": ">=",
            "test_type": "CurrentEnergyEfficiency",
            "value0": 1
          },
          {
            "boolean": false,
            "test_type": "NeedAdvancedNavalFactory"
          },
          {
            "boolean": true,
            "test_type": "CanDeployNavalFromBase"
          },
          {
            "string0": "AdvancedNavalFactory",
            "test_type": "CanAffordPotentialDrain"
          },
          {
            "string0": "AdvancedNavalFactory",
            "test_type": "CanFindPlaceToBuild"
          }
        ]
      ],
      "builders": [
        "BasicNavalFabber",
        "AdvancedNavalFabber"
      ],
      "instance_count": 1,
      "max_num_assisters": 5,
      "min_num_assisters": 3,
      "name": "Vanilla - Advanced Naval Factory - Wasting",
      "placement_rules": {
        "buffer": 3,
        "threat": {
          "compare_type": "<",
          "influence_type": "AntiSurface",
          "radius": 10,
          "value": 50
        }
      },
      "priority": 525,
      "shared_instance_count": "AdvancedFactory",
      "to_build": "AdvancedNavalFactory"
    }
  ]
}