{
  "ammo_id": "/pa/units/commanders/base_commander/base_commander_ammo_missile.json",
  "auto_attack": true,
  "base_spec": "/pa/tools/base_bot_weapon/base_bot_weapon.json",
  "idle_aim_delay": 0,
  "max_range": 100,
  "pitch_range": 40,
  "pitch_rate": 360,
  "rate_of_fire": 1.0,
  "target_layers": [
    "WL_LandHorizontal",
    "WL_Seafloor",
    "WL_WaterSurface",
    "WL_Air"
  ],
  "target_priorities": [
    "Mobile - Wall",
    "Structure - Wall",
    "Mobile"
  ],
  "yaw_range": 180,
  "yaw_rate": 360
}