{
  "TEMP_texelinfo": 10.2184,
  "area_build_separation": 18,
  "atrophy_cool_down": 15.0,
  "atrophy_rate": 5.0,
  "base_spec": "/pa/units/land/base_structure/base_structure.json",
  "build_metal_cost": 175,
  "command_caps": [
    "ORDER_Attack"
  ],
  "description": "Light Laser Tower - Low damage with a decent rate of fire, but cheap.",
  "display_name": "Needler",
  "events": {
    "build_complete": {
      "audio_cue": "/SE/Build_Complete/structure_small"
    },
    "died": {
      "audio_cue": "/SE/Death/structure_small",
      "effect_scale": 0.55
    },
    "fired": {
      "audio_cue": "/SE/Weapons/structure/laser_defense_single_fire",
      "effect_spec": "/pa/effects/specs/default_muzzle_flash.pfx socket_muzzle"
    }
  },
  "guard_layer": "WL_AnyHorizontalGroundOrWaterSurface",
  "max_health": 500,
  "mesh_bounds": [
    6.8,
    5.76558,
    14.6
  ],
  "model": [
    {
      "animtree": "/pa/anim/anim_trees/defense_turret_single_anim_tree.json",
      "filename": "/pa/units/land/laser_defense_single/laser_defense_single.papa",
      "layer": "WL_LandHorizontal",
      "skirt_decal": "/pa/effects/specs/skirt_defense.json"
    },
    {
      "animtree": "/pa/anim/anim_trees/defense_turret_single_anim_tree.json",
      "filename": "/pa/units/sea/floating_laser_single/floating_laser_single.papa",
      "layer": "WL_WaterSurface"
    }
  ],
  "recon": {
    "observer": {
      "items": [
        {
          "channel": "sight",
          "layer": "surface_and_air",
          "radius": 130,
          "shape": "capsule"
        }
      ]
    }
  },
  "selection_icon": {
    "diameter": 16.0
  },
  "spawn_layers": "WL_AnyHorizontalGroundOrWaterSurface",
  "tools": [
    {
      "aim_bone": "bone_pitch",
      "muzzle_bone": [
        "socket_muzzle"
      ],
      "spec_id": "/pa/units/land/laser_defense_single/laser_defense_single_tool_weapon.json"
    }
  ],
  "unit_types": [
    "UNITTYPE_Structure",
    "UNITTYPE_Basic",
    "UNITTYPE_Land",
    "UNITTYPE_SurfaceDefense",
    "UNITTYPE_Defense",
    "UNITTYPE_FabBuild",
    "UNITTYPE_CmdBuild",
    "UNITTYPE_CombatFabAdvBuild"
  ]
}