{
  "TEMP_texelinfo": 10.4258,
  "audio": {
    "loops": {
      "move": {
        "cue": "/SE/Movement/air/air_bomber_loop",
        "flag": "vel_changed",
        "should_start_func": "is_moving",
        "should_stop_func": "is_not_moving"
      }
    },
    "selection_response": {
      "cue": "/SE/Selection/air/bomber"
    }
  },
  "base_spec": "/pa/units/air/base_flyer/base_flyer.json",
  "build_metal_cost": 325,
  "description": "Light Bomber - Drops a high damage bomb with moderate aoe.",
  "display_name": "Bumblebee",
  "events": {
    "build_complete": {
      "audio_cue": "/SE/Build_Complete/air"
    },
    "died": {
      "audio_cue": "/SE/Death/Air",
      "effect_scale": 0.75
    },
    "fired": {
      "audio_cue": "/SE/Weapons/air/bomber_fire"
    }
  },
  "fx_offsets": [
    {
      "filename": "/pa/units/air/bomber/bomber_jets.pfx",
      "offset": [
        0,
        2.32,
        1.393
      ],
      "type": "moving_forward"
    }
  ],
  "guard_layer": "WL_AnySurface",
  "guard_radius": 120,
  "max_health": 180,
  "mesh_bounds": [
    14,
    7.5,
    2.6
  ],
  "model": {
    "arrows": 5,
    "filename": "/pa/units/air/bomber/bomber.papa"
  },
  "navigation": {
    "acceleration": 75,
    "aggressive_distance": 50.0,
    "aggressive_height": 100.0,
    "brake": 20,
    "dodge_multiplier": 0.0,
    "dodge_radius": 0,
    "hover_time": -1.0,
    "move_speed": 65,
    "turn_speed": 55,
    "type": "air",
    "vertical_speed": 40,
    "wobble_factor": 0.05,
    "wobble_speed": 0.1
  },
  "physics": {
    "air_friction": 1.0,
    "allow_pushing": false,
    "gravity_scalar": 1,
    "push_sideways": false,
    "radius": 6
  },
  "recon": {
    "observer": {
      "items": [
        {
          "channel": "sight",
          "layer": "surface_and_air",
          "radius": 120,
          "shape": "capsule"
        }
      ]
    }
  },
  "selection_icon": {
    "diameter": 23.0
  },
  "tools": [
    {
      "aim_bone": "bone_root",
      "muzzle_bone": "bone_root",
      "spec_id": "/pa/units/air/bomber/bomber_tool_weapon.json"
    }
  ],
  "unit_types": [
    "UNITTYPE_Bomber",
    "UNITTYPE_Mobile",
    "UNITTYPE_Offense",
    "UNITTYPE_Air",
    "UNITTYPE_Basic",
    "UNITTYPE_FactoryBuild"
  ]
}