{
  "TEMP_texelinfo": 17.7177,
  "attachable": {
    "offsets": {
      "root": [
        0,
        0,
        0
      ]
    }
  },
  "audio": {
    "loops": {
      "move": {
        "cue": "/SE/Movement/orbital/orbital_battleship_loop",
        "flag": "vel_changed",
        "should_start_func": "is_moving",
        "should_stop_func": "is_not_moving"
      }
    },
    "selection_response": {
      "cue": "/SE/Selection/orbital/orbital"
    }
  },
  "base_spec": "/pa/units/orbital/base_orbital/base_orbital.json",
  "build_metal_cost": 4000,
  "command_caps": [
    "ORDER_Move",
    "ORDER_Patrol",
    "ORDER_Attack",
    "ORDER_Assist"
  ],
  "description": "Orbital Battleship- Rapid-Fire. Very durable. Heavy damage. Attacks everything.",
  "display_name": "Omega",
  "events": {
    "build_complete": {
      "audio_cue": "/SE/Build_Complete/sea"
    },
    "died": {
      "audio_cue": "/SE/Death/orbital",
      "effect_scale": 2.5,
      "effect_spec": "/pa/units/air/base_flyer/base_flyer_death_t2.pfx"
    },
    "fired": {
      "audio_cue": "/SE/Weapons/orb/orbital_battleship_fire",
      "effect_spec": ""
    },
    "fired0": {
      "audio_cue": "/SE/Weapons/orb/orbital_battleship_fire",
      "effect_scale": 5.0,
      "effect_spec": "/pa/effects/specs/tank_muzzle_flash.pfx socket_muzzle01 /pa/effects/specs/tank_muzzle_flash.pfx socket_muzzle02"
    },
    "fired1": {
      "audio_cue": "/SE/Weapons/orb/orbital_battleship_fire",
      "effect_scale": 5.0,
      "effect_spec": "/pa/effects/specs/tank_muzzle_flash.pfx socket_muzzle03 /pa/effects/specs/tank_muzzle_flash.pfx socket_muzzle04"
    },
    "fired2": {
      "audio_cue": "/SE/Weapons/orb/orbital_battleship_fire",
      "effect_scale": 5.0,
      "effect_spec": "/pa/effects/specs/tank_muzzle_flash.pfx socket_muzzle05 /pa/effects/specs/tank_muzzle_flash.pfx socket_muzzle06"
    },
    "fired3": {
      "audio_cue": "/SE/Weapons/orb/orbital_battleship_fire",
      "effect_scale": 5.0,
      "effect_spec": "/pa/effects/specs/tank_muzzle_flash.pfx socket_muzzle07 /pa/effects/specs/tank_muzzle_flash.pfx socket_muzzle08"
    }
  },
  "fx_offsets": [
    {
      "bone": "bone_body",
      "filename": "/pa/units/air/gunship/gunship_jets.pfx",
      "offset": [
        4,
        21.7,
        4.1
      ],
      "orientation": [
        0,
        0,
        0
      ],
      "type": "moving"
    },
    {
      "bone": "bone_body",
      "filename": "/pa/units/air/gunship/gunship_jets.pfx",
      "offset": [
        6.4,
        20.5,
        2.6
      ],
      "orientation": [
        0,
        0,
        0
      ],
      "type": "moving"
    },
    {
      "bone": "bone_body",
      "filename": "/pa/units/air/gunship/gunship_jets.pfx",
      "offset": [
        8.3,
        15.5,
        1.2
      ],
      "orientation": [
        0,
        5,
        10
      ],
      "type": "moving"
    },
    {
      "bone": "bone_body",
      "filename": "/pa/units/air/gunship/gunship_jets.pfx",
      "offset": [
        -4,
        21.7,
        4.1
      ],
      "orientation": [
        0,
        0,
        0
      ],
      "type": "moving"
    },
    {
      "bone": "bone_body",
      "filename": "/pa/units/air/gunship/gunship_jets.pfx",
      "offset": [
        -6.4,
        20.5,
        2.6
      ],
      "orientation": [
        0,
        0,
        0
      ],
      "type": "moving"
    },
    {
      "bone": "bone_body",
      "filename": "/pa/units/air/gunship/gunship_jets.pfx",
      "offset": [
        -8.3,
        15.5,
        1.2
      ],
      "orientation": [
        0,
        0,
        0
      ],
      "type": "moving"
    }
  ],
  "gravwell_velocity_multiplier": 6.0,
  "guard_layer": "WL_Orbital",
  "max_health": 4000,
  "mesh_bounds": [
    25,
    57,
    9
  ],
  "model": {
    "animtree": "/pa/anim/anim_trees/orbital_battleship_anim_tree.json",
    "filename": "/pa/units/orbital/orbital_battleship/orbital_battleship.papa"
  },
  "navigation": {
    "acceleration": 30,
    "bank_factor": 1,
    "brake": 80,
    "circle_max_time": 4,
    "circle_min_time": 2,
    "hover_time": -1.0,
    "move_speed": 15,
    "turn_speed": 45,
    "type": "orbital"
  },
  "nearby_target_tick_update_interval": 15,
  "physics": {
    "gravity_scalar": 0.001,
    "push_class": 15,
    "radius": 5
  },
  "recon": {
    "observer": {
      "items": [
        {
          "channel": "sight",
          "layer": "orbital",
          "radius": 400,
          "shape": "sphere"
        },
        {
          "channel": "sight",
          "layer": "surface_and_air",
          "radius": 200,
          "shape": "capsule"
        }
      ]
    }
  },
  "selection_icon": {
    "diameter": 70.0
  },
  "spawn_layers": "WL_Orbital",
  "tools": [
    {
      "aim_bone": "bone_turret01",
      "fire_event": "fired0",
      "muzzle_bone": [
        "socket_muzzle01",
        "socket_muzzle02"
      ],
      "projectiles_per_fire": 2,
      "record_index": 0,
      "spec_id": "/pa/units/orbital/orbital_battleship/orbital_battleship_tool_weapon.json"
    },
    {
      "aim_bone": "bone_turret02",
      "fire_event": "fired1",
      "muzzle_bone": [
        "socket_muzzle03",
        "socket_muzzle04"
      ],
      "projectiles_per_fire": 2,
      "record_index": 1,
      "spec_id": "/pa/units/orbital/orbital_battleship/orbital_battleship_tool_weapon.json"
    },
    {
      "aim_bone": "bone_turret03",
      "fire_event": "fired2",
      "muzzle_bone": [
        "socket_muzzle05",
        "socket_muzzle06"
      ],
      "projectiles_per_fire": 2,
      "record_index": 2,
      "spec_id": "/pa/units/orbital/orbital_battleship/orbital_battleship_tool_weapon.json"
    },
    {
      "aim_bone": "bone_turret04",
      "fire_event": "fired3",
      "muzzle_bone": [
        "socket_muzzle07",
        "socket_muzzle08"
      ],
      "projectiles_per_fire": 2,
      "record_index": 3,
      "spec_id": "/pa/units/orbital/orbital_battleship/orbital_battleship_tool_weapon.json"
    },
    {
      "aim_bone": "socket_muzzle09",
      "muzzle_bone": "socket_muzzle09",
      "record_index": -1,
      "spec_id": "/pa/units/orbital/orbital_battleship/orbital_battleship_tool_weapon_ground.json"
    }
  ],
  "unit_types": [
    "UNITTYPE_Mobile",
    "UNITTYPE_Offense",
    "UNITTYPE_Orbital",
    "UNITTYPE_Fighter",
    "UNITTYPE_Heavy",
    "UNITTYPE_Advanced",
    "UNITTYPE_FactoryBuild"
  ],
  "wreckage_health_frac": 0.0
}