{
  "ammo_id": "/pa/units/air/support_platform/support_platform_interception_ammo.json",
  "anti_entity_targets": [
    "/pa/units/air/fighter/fighter_ammo.json",
    "/pa/units/air/fighter_adv/fighter_adv_ammo.json",
    "/pa/units/land/aa_missile_vehicle/aa_missile_vehicle_ammo.json",
	"/pa/units/land/bot_aa_adv/bot_aa_adv_ammo.json",
	"/pa/units/land/bot_support_commander/bot_support_commander_ammo.json",
    "/pa/units/land/bot_arty/bot_arty_ammo.json",
    "/pa/units/land/air_defense/air_defense_ammo.json",
    "/pa/units/land/rocket_defense/rocket_defense_ammo.json",
    "/pa/units/sea/sea_scout/sea_scout_ammo_missile.json",
    "/pa/units/sea/drone_carrier/drone/drone_ammo.json"
  ],
  "auto_attack": true,
  "auto_task_type": "anti_entity",
  "base_spec": "/pa/tools/base_shell_turret/base_shell_turret.json",
  "firing_arc_pitch": 360,
  "firing_arc_yaw": 360,
  "idle_aim_delay": 0.0,
  "max_range": 160,
  "pitch_range": 0,
  "pitch_rate": 0,
  "rate_of_fire": 1.0,
  "spread_fire": true,
  "target_layers": [
    "WL_Air",
    "WL_Orbital"
  ],
  "yaw_range": 0,
  "yaw_rate": 0
}