{
  "build_list": [
    {
      "build_conditions": [
        [
          {
            "test_type": "CanAffordBuildDemand"
          },
          {
            "string0": "OrbitalProbe",
            "test_type": "CanAffordPotentialDrain"
          },
          {
            "compare0": ">",
            "test_type": "UnitCountOnPlanet",
            "unit_type_string0": "Orbital & Fighter",
            "value0": 2
          },
          {
            "boolean": true,
            "test_type": "OtherPlanetNeedsReconAssistance"
          }
        ]
      ],
      "builders": [
        "OrbitalLauncher",
        "OrbitalFactory"
      ],
      "cross_planet_shared_count": true,
      "instance_count": 1,
      "name": "Probe - Other planet",
      "priority": 200,
      "shared_instance_count": "ReconAssistance",
      "to_build": "OrbitalProbe"
    },
    {
      "build_conditions": [
        [
          {
            "test_type": "CanAffordBuildDemand"
          },
          {
            "compare0": ">",
            "string0": "Orbital",
            "test_type": "SystemThreat",
            "value0": 0
          },
          {
            "compare0": "<",
            "test_type": "UnitCountPerPlanetRadius",
            "unit_type_string0": "Orbital & Fighter & Advanced",
            "value0": 15
          }
        ]
      ],
      "builders": [
        "OrbitalFactory"
      ],
      "instance_count": 1,
      "max_num_assisters": 5,
      "name": "Orbital Railgun",
      "priority": 195,
      "to_build": "OrbitalRailgun"
    },
    {
      "build_conditions": [
        [
          {
            "test_type": "CanAffordBuildDemand"
          },
          {
            "compare0": ">",
            "string0": "Orbital",
            "test_type": "SystemThreat",
            "value0": 0
          },
          {
            "compare0": "<",
            "test_type": "UnitCountOnPlanet",
            "unit_type_string0": "Orbital & Fighter & Advanced",
            "value0": 3
          }
        ],
        [
          {
            "test_type": "CanAffordBuildDemand"
          },
          {
            "compare0": ">",
            "string0": "Orbital",
            "test_type": "BaseThreat",
            "value0": 0
          },
          {
            "compare0": "<",
            "test_type": "UnitCountInBase",
            "unit_type_string0": "Orbital & Fighter & Advanced",
            "value0": 3
          }
        ],
        [
          {
            "test_type": "CanAffordBuildDemand"
          },
          {
            "compare0": ">",
            "string0": "Orbital",
            "string1": "AntiOrbital",
            "test_type": "PlanetHighestEnemyArmyThreatRatio",
            "value0": 1.0
          }
        ]
      ],
      "builders": [
        "OrbitalFactory"
      ],
      "instance_count": 1,
      "max_num_assisters": 5,
      "min_num_assisters": 2,
      "name": "Orbital Railgun - Threat",
      "priority": 205,
      "to_build": "OrbitalRailgun"
    },
    {
      "build_conditions": [
        [
          {
            "test_type": "CanAffordBuildDemand"
          },
          {
            "compare0": ">",
            "string0": "Orbital",
            "test_type": "SystemThreat",
            "value0": 0
          },
          {
            "compare0": "<",
            "test_type": "UnitRatioOnPlanet",
            "unit_type_string0": "Orbital & Fighter & Heavy",
            "unit_type_string1": "Orbital & Fighter",
            "value0": 0.2
          }
        ]
      ],
      "builders": [
        "OrbitalFactory"
      ],
      "instance_count": 1,
      "max_num_assisters": 5,
      "name": "Orbital Battleship",
      "priority": 195,
      "to_build": "OrbitalBattleShip"
    }
  ]
}