{
  "build_list": [
    {
      "build_conditions": [
        [
          {
            "boolean": false,
            "test_type": "AloneOnPlanet"
          },
          {
            "test_type": "CanAffordBuildDemand"
          },
          {
            "boolean": false,
            "string0": "Tutorial",
            "test_type": "HasPersonalityTag"
          },
          {
            "boolean": true,
            "test_type": "CanDeployLandFromBase"
          },
          {
            "compare0": "<",
            "test_type": "UnitRatioOnPlanet",
            "unit_type_string0": "Bot & Basic & Heavy",
            "unit_type_string1": "(Tank | Bot) - Fabber",
            "value0": 0.35
          }
        ],
        [
          {
            "boolean": true,
            "test_type": "AloneOnPlanet"
          },
          {
            "boolean": false,
            "string0": "Tutorial",
            "test_type": "HasPersonalityTag"
          },
          {
            "test_type": "CanAffordBuildDemand"
          },
          {
            "boolean": true,
            "test_type": "OtherPlanetCanReceiveLandUnitAssistance"
          },
          {
            "compare0": "<",
            "test_type": "UnitRatioOnPlanet",
            "unit_type_string0": "Bot & Basic & Heavy",
            "unit_type_string1": "(Tank | Bot) - Fabber",
            "value0": 0.35
          },
          {
            "compare0": ">",
            "test_type": "UnitCountOnPlanet",
            "unit_type_string0": "Structure & Teleporter",
            "value0": 0
          }
        ]
      ],
      "builders": [
        "BasicBotFactory",
        "UnitCannon"
      ],
      "instance_count": -1,
      "max_num_assisters": 10,
      "name": "Tesla Bot",
      "priority": 97,
      "to_build": "TeslaBot"
    },
    {
      "build_conditions": [
        [
          {
            "boolean": false,
            "test_type": "AloneOnPlanet"
          },
          {
            "test_type": "CanAffordBuildDemand"
          },
          {
            "compare0": "<",
            "test_type": "UnitRatioOnPlanet",
            "unit_type_string0": "Tank & Hover - Custom4",
            "unit_type_string1": "(Tank | Bot) - Fabber",
            "value0": 0.35
          }
        ],
        [
          {
            "boolean": true,
            "test_type": "AloneOnPlanet"
          },
          {
            "test_type": "CanAffordBuildDemand"
          },
          {
            "compare0": "<",
            "test_type": "UnitRatioOnPlanet",
            "unit_type_string0": "Tank & Hover - Custom4",
            "unit_type_string1": "(Tank | Bot) - Fabber",
            "value0": 0.35
          },
          {
            "boolean": true,
            "test_type": "OtherPlanetCanReceiveLandUnitAssistance"
          },
          {
            "compare0": ">",
            "test_type": "UnitCountOnPlanet",
            "unit_type_string0": "Structure & Teleporter",
            "value0": 0
          }
        ]
      ],
      "builders": [
        "BasicVehicleFactory",
        "UnitCannon"
      ],
      "instance_count": -1,
      "max_num_assisters": 10,
      "name": "Hover Tank",
      "priority": 97,
      "to_build": "HoverTank"
    },
    {
      "build_conditions": [
        [
          {
            "boolean": false,
            "test_type": "BaseThreatened"
          },
          {
            "test_type": "CanAffordBuildDemand"
          },
          {
            "string0": "SupportCommander",
            "test_type": "CanAffordPotentialDrain"
          },
          {
            "compare0": "<",
            "test_type": "UnitCountOnPlanet",
            "unit_type_string0": "SupportCommander",
            "value0": 5
          }
        ]
      ],
      "builders": [
        "AdvancedBotFactory"
      ],
      "instance_count": 1,
      "max_num_assisters": 15,
      "name": "Support Commander",
      "priority": 199,
      "to_build": "SupportCommander"
    },
    {
      "build_conditions": [
        [
          {
            "boolean": false,
            "string0": "Tutorial",
            "test_type": "HasPersonalityTag"
          },
          {
            "boolean": false,
            "test_type": "AloneOnPlanet"
          },
          {
            "test_type": "CanAffordBuildDemand"
          },
          {
            "boolean": true,
            "test_type": "CanDeployLandFromBase"
          },
          {
            "compare0": "<",
            "test_type": "UnitRatioOnPlanet",
            "unit_type_string0": "(Tank | Bot) & Deconstruction",
            "unit_type_string1": "(Tank | Bot) - Fabber",
            "value0": 0.1
          }
        ],
        [
          {
            "boolean": false,
            "string0": "Tutorial",
            "test_type": "HasPersonalityTag"
          },
          {
            "boolean": true,
            "test_type": "AloneOnPlanet"
          },
          {
            "test_type": "CanAffordBuildDemand"
          },
          {
            "compare0": "<",
            "test_type": "UnitRatioOnPlanet",
            "unit_type_string0": "(Tank | Bot) & Deconstruction",
            "unit_type_string1": "(Tank | Bot) - Fabber",
            "value0": 0.1
          },
          {
            "boolean": true,
            "test_type": "OtherPlanetCanReceiveLandUnitAssistance"
          },
          {
            "compare0": ">",
            "test_type": "UnitCountOnPlanet",
            "unit_type_string0": "Structure & Teleporter",
            "value0": 0
          }
        ]
      ],
      "builders": [
        "AdvancedBotFactory"
      ],
      "instance_count": -1,
      "max_num_assisters": 10,
      "name": "Nano Swarm",
      "priority": 199,
      "to_build": "NanoSwarm"
    },
    {
      "build_conditions": [
        [
          {
            "boolean": false,
            "test_type": "AloneOnPlanet"
          },
          {
            "test_type": "CanAffordBuildDemand"
          },
          {
            "compare0": ">",
            "string0": "Air",
            "test_type": "PlanetThreat",
            "value0": 0
          },
          {
            "boolean": true,
            "test_type": "CanDeployLandFromBase"
          },
          {
            "compare0": "<",
            "test_type": "UnitRatioOnPlanet",
            "unit_type_string0": "(Tank | Bot) & AirDefense",
            "unit_type_string1": "(Tank | Bot) - Fabber",
            "value0": 0.1
          }
        ],
        [
          {
            "boolean": false,
            "test_type": "AloneOnPlanet"
          },
          {
            "test_type": "CanAffordBuildDemand"
          },
          {
            "compare0": ">",
            "string0": "Air",
            "string1": "AntiAir",
            "test_type": "PlanetHighestEnemyArmyThreatRatio",
            "value0": 1.0
          },
          {
            "boolean": true,
            "test_type": "CanDeployLandFromBase"
          },
          {
            "compare0": "<",
            "test_type": "UnitRatioOnPlanet",
            "unit_type_string0": "(Tank | Bot) & AirDefense",
            "unit_type_string1": "(Tank | Bot) - Fabber",
            "value0": 0.25
          }
        ],
        [
          {
            "compare0": ">",
            "string0": "Air",
            "string1": "AntiAir",
            "test_type": "BaseThreatRatio",
            "value0": 1.0
          }
        ],
        [
          {
            "boolean": true,
            "test_type": "AloneOnPlanet"
          },
          {
            "test_type": "CanAffordBuildDemand"
          },
          {
            "compare0": "<",
            "test_type": "UnitRatioOnPlanet",
            "unit_type_string0": "(Tank | Bot) & AirDefense",
            "unit_type_string1": "(Tank | Bot) - Fabber",
            "value0": 0.1
          },
          {
            "boolean": true,
            "test_type": "OtherPlanetCanReceiveLandUnitAssistance"
          },
          {
            "compare0": ">",
            "test_type": "UnitCountOnPlanet",
            "unit_type_string0": "Structure & Teleporter",
            "value0": 0
          }
        ]
      ],
      "builders": [
        "AdvancedVehicleFactory"
      ],
      "instance_count": -1,
      "max_num_assisters": 10,
      "name": "Advanced AA Vehicle",
      "priority": 199,
      "to_build": "FlakTank"
    }
  ]
}