{
  "blend_root": {
    "nodes": {
      "being_built": {
        "type": "bind_pose"
      },
      "dead": {
        "type": "bind_pose"
      },
      "ghost": {
        "type": "bind_pose"
      },
      "living": {
        "entries": [
          {
            "name": "idle",
            "node": {
              "anim_name": "idle",
              "looping": true,
              "type": "playback"
            },
            "transitions": [
              {
                "transition_forward": {
                  "func": "has_energy",
                  "target": "build_start"
                },
                "transition_reverse": {
                  "func": "has_energy",
                  "target": "build_end"
                }
              }
            ],
            "type": "sequence_entry"
          },
          {
            "name": "build_start",
            "node": {
              "anim_name": "start",
              "looping": false,
              "type": "playback"
            },
            "reset": "playback_reset",
            "transitions": [
              {
                "transition_forward": {
                  "func": "anim_complete",
                  "target": "build_loop"
                },
                "transition_reverse": {
                  "func": "anim_complete",
                  "target": "idle"
                }
              }
            ],
            "type": "sequence_entry"
          },
          {
            "name": "build_loop",
            "node": {
              "anim_name": "loop",
              "looping": true,
              "type": "playback"
            },
            "reset": "playback_reset",
            "transitions": [
              {
                "transition_forward": {
                  "func": "no_energy_and_anim_complete",
                  "target": "build_end"
                },
                "transition_reverse": {
                  "func": "no_energy_and_anim_complete",
                  "target": "build_start"
                }
              }
            ],
            "type": "sequence_entry"
          },
          {
            "name": "build_end",
            "node": {
              "anim_name": "end",
              "looping": false,
              "type": "playback"
            },
            "reset": "playback_reset",
            "transitions": [
              {
                "transition_forward": {
                  "func": "anim_complete",
                  "target": "idle"
                },
                "transition_reverse": {
                  "func": "anim_complete",
                  "target": "build_loop"
                }
              }
            ],
            "type": "sequence_entry"
          }
        ],
        "transition_seek": {
          "false_target": "idle",
          "func": "has_energy",
          "true_target": "build_loop"
        },
        "type": "sequence"
      }
    },
    "type": "unit_state"
  }
}