{
  "ammo_id": "/pa/units/orbital/titan_orbital/titan_orbital_ammo.json",
  "auto_attack": true,
  "base_spec": "/pa/tools/base_laser_turret/base_laser_turret.json",
  "firing_arc_pitch": 360,
  "firing_arc_yaw": 360,
  "max_range": 140,
  "pitch_range": 0,
  "pitch_rate": 0,
  "rate_of_fire": 1.5,
  "target_layers": [
    "WL_LandHorizontal",
    "WL_WaterSurface",
    "WL_Seafloor",
    "WL_Air",
    "WL_Orbital"
  ],
  "target_priorities": [
    "Orbital",
    "Land - Wall",
    "Naval",
    "Structure - Wall",
    "Wall",
    "Air"
  ],
  "yaw_range": 0,
  "yaw_rate": 0
}