{
  "ammo_capacity": 56,
  "ammo_demand": 0,
  "ammo_id": "/pa/units/land/titan_structure/titan_structure_pbaoe.json",
  "ammo_per_shot": 56,
  "ammo_source": "time",
  "auto_fire_when_charged": true,
  "base_spec": "/pa/tools/base_artillery_turret/base_artillery_turret.json",
  "fire_delay": 10.67,
  "firing_arc_pitch": 360,
  "firing_arc_yaw": 360,
  "max_range": 0,
  "only_fire_once": true,
  "pitch_range": 0,
  "pitch_rate": 0,
  "rate_of_fire": 1.0,
  "start_fully_charged": false,
  "yaw_range": 0,
  "yaw_rate": 0
}