{
  "audio_loop": "/SE/Movement/missile/catapult_missile_fly_loop",
  "base_spec": "/pa/ammo/base_missiles/base_missile_tactical.json",
  "cruise_height": 75,
  "damage": 300,
  "events": {
    "died": {
      "audio_cue": "/SE/Impacts/missile_catapult",
      "effect_spec": "/pa/effects/specs/default_proj_area_explosion.pfx"
    }
  },
  "flight_type": "Staged",
  "influence_radius": 400,
  "initial_velocity": 80.0,
  "lifetime": 15,
  "max_velocity": 80.0,
  "physics": {
    "add_to_spatial_db": true,
    "gravity_scalar": 5,
    "ignore_gravity": true,
    "radius": 1
  },
  "splash_damage": 100,
  "splash_damages_allies": true,
  "splash_radius": 5,
  "stages": [
    {
      "ignores_LOS": true,
      "ignores_gravity": true,
      "rotates_to_velocity": true,
      "stage_duration": 450,
      "stage_turn_rate": 0
    },
    {
      "ignores_LOS": true,
      "ignores_gravity": true,
      "rotates_to_velocity": true,
      "stage_change_range": 80,
      "stage_duration": 0,
      "stage_turn_rate": 120
    },
    {
      "ignores_LOS": false,
      "ignores_gravity": false,
      "rotates_to_velocity": true,
      "stage_duration": 5000,
      "stage_turn_rate": 360
    }
  ],
  "turn_rate": 45
}