{
  "ammo_id": "/pa/units/land/tank_light_laser/tank_light_laser_ammo.json",
  "arc_type": "ARC_Low",
  "auto_attack": true,
  "base_spec": "/pa/tools/base_artillery_turret_unit/base_artillery_turret_unit.json",
  "firing_standard_deviation": 3.25,
  "idle_aim_delay": 3,
  "max_range": 100,
  "pitch_range": 90,
  "pitch_rate": 20,
  "rate_of_fire": 0.65,
  "target_layers": [
    "WL_Air",
    "WL_LandHorizontal",
    "WL_Seafloor",
    "WL_WaterSurface"
  ],
  "yaw_range": 180,
  "yaw_rate": 75
}