{
  "audio_loop": "/SE/Movement/missile/artillery_long_missile_fly_loop",
  "base_spec": "/pa/ammo/base_artillery/base_artillery.json",
  "damage": 800,
  "events": {
    "died": {
      "audio_cue": "/SE/Impacts/missile_artillery_short",
      "effect_spec": "/pa/units/sea/battleship/battleship_hit.pfx"
    }
  },
  "full_damage_splash_radius": 5,
  "fx_trail": {
    "filename": "/pa/units/land/titan_vehicle/titan_vehicle_ammo_main_proj_trail.pfx",
    "offset": [
      0.0,
      1.0,
      0.0
    ]
  },
  "initial_velocity": 200.0,
  "lifetime": 4,
  "model": {
    "filename": "/pa/units/air/shell_large/shell_large.papa"
  },
  "physics": {
    "add_to_spatial_db": false,
    "gravity_scalar": 10,
    "radius": 1
  },
  "splash_damage": 800,
  "splash_damages_allies": false,
  "splash_radius": 15
}