{
  "ammo_type": "AMMO_Projectile",
  "damage": 75,
  "events": {
    "died": {
      "audio_cue": "/SE/Impacts/laser_blast",
      "effect_spec": "/pa/effects/specs/default_proj_explosion.pfx"
    }
  },
  "flight_type": "Direct",
  "fx_trail": {
    "filename": "/pa/effects/specs/laser_blast_proj_trail.pfx",
    "offset": [
      0.0,
      0.8,
      0.0
    ]
  },
  "initial_velocity": 110.0,
  "lifetime": 7,
  "physics": {
    "add_to_spatial_db": false,
    "allow_underground": true,
    "gravity_scalar": 5,
    "ignore_gravity": true,
    "radius": 1
  },
  "recon": {
    "observable": {
      "ignore_radar": true
    }
  },
  "spawn_layers": "WL_Air",
  "splash_damage": 0,
  "splash_radius": 0
}