{
  "base_spec": "/pa/ammo/base_shell/base_shell.json",
  "damage": 50,
  "events": {
    "died": {
      "effect_scale": 0.3,
      "effect_spec": "/pa/effects/specs/default_explosion.pfx"
    }
  },
  "full_damage_splash_radius": 2,
  "fx_trail": {
    "filename": "/pa/units/land/tank_light_laser/tank_light_laser_proj.pfx",
    "offset": [
      0.0,
      0.0,
      0.0
    ]
  },
  "initial_velocity": 120,
  "lifetime": 6,
  "max_velocity": 130,
  "min_velocity": 60,
  "model": {
    "filename": ""
  },
  "physics": {
    "add_to_spatial_db": false,
    "gravity_scalar": 10,
    "radius": 1
  },
  "splash_damage": 40,
  "splash_damages_allies": true,
  "splash_radius": 4
}