{
  "base_spec": "/pa/ammo/base_missiles/base_missile.json",
  "damage": 75,
  "events": {
    "died": {
      "audio_cue": "/SE/Impacts/missile_tactical",
      "effect_spec": "/pa/effects/specs/default_proj_explosion.pfx"
    }
  },
  "flight_type": "Seeking",
  "fx_trail": {
    "filename": "/pa/effects/specs/rocket_proj_trail.pfx",
    "offset": [
      0.0,
      2.2,
      0.0
    ]
  },
  "initial_velocity": 75.0,
  "lifetime": 30,
  "max_velocity": 90.0,
  "model": {
    "arrows": 3,
    "filename": "/pa/units/air/missile/missile.papa"
  },
  "physics": {
    "add_to_spatial_db": false,
    "gravity_scalar": 5,
    "ignore_gravity": true,
    "push_class": 1,
    "radius": 1
  },
  "spawn_layers": "WL_Air",
  "splash_damage": 20,
  "splash_damages_allies": true,
  "splash_radius": 0.5,
  "turn_rate": 70
}