{
  "ammo_capacity": 2000,
  "ammo_demand": 500,
  "ammo_id": "/pa/units/land/tank_orbital/tank_orbital_ammo.json",
  "ammo_per_shot": 2000,
  "ammo_source": "energy",
  "auto_attack": true,
  "base_spec": "/pa/tools/base_laser_turret/base_laser_turret.json",
  "firing_arc_pitch": 15,
  "firing_arc_yaw": 15,
  "firing_standard_deviation": 0.5,
  "idle_aim_delay": 3,
  "max_range": 200,
  "pitch_range": 90,
  "pitch_rate": 30,
  "rate_of_fire": 0.25,
  "target_layers": [
    "WL_Orbital"
  ],
  "tool_type": "TOOL_Weapon",
  "yaw_range": 180,
  "yaw_rate": 30
}