{
  "TEMP_texelinfo": 15,
  "attachable": {
    "offsets": {
      "head": [
        0,
        0,
        7
      ]
    }
  },
  "audio": {
    "loops": {
      "move": {
        "cue": "/SE/Movement/veh/tank_vagaurd_loop_T2",
        "flag": "vel_changed",
        "should_start_func": "is_moving",
        "should_stop_func": "is_not_moving"
      }
    },
    "selection_response": {
      "cue": "/SE/Selection/veh/tank_vagaurd_T2"
    }
  },
  "base_spec": "/pa/units/land/base_vehicle/base_vehicle.json",
  "build_metal_cost": 1600,
  "death": {
    "decals": [
      "/pa/effects/specs/scorch_b_s30.json"
    ]
  },
  "description": "Anti-Orbital - Heavy anti-orbital railgun.",
  "display_name": "Guardian",
  "events": {
    "build_complete": {
      "audio_cue": "/SE/Build_Complete/veh"
    },
    "died": {
      "audio_cue": "/SE/Death/Veh",
      "effect_scale": 2
    }
  },
  "fx_offsets": [
    {
      "bone": "radar",
      "filename": "/pa/units/land/tank_orbital/radar_on.pfx",
      "offset": [
        0,
        0,
        0.1
      ],
      "type": "idle"
    }
  ],
  "guard_layer": "WL_Orbital",
  "guard_radius": 200,
  "headlights": [
    {
      "color": [
        1,
        1,
        1
      ],
      "far_distance": 30,
      "gobo": "/pa/effects/textures/gobo/spotlight_gobo.papa",
      "intensity": 2,
      "near_distance": 3,
      "near_height": 3,
      "near_width": 3,
      "offset": [
        1.2,
        -5,
        4
      ],
      "orientation": [
        0,
        65,
        0
      ]
    },
    {
      "color": [
        1,
        1,
        1
      ],
      "far_distance": 30,
      "gobo": "/pa/effects/textures/gobo/spotlight_gobo.papa",
      "intensity": 2,
      "near_distance": 3,
      "near_height": 3,
      "near_width": 3,
      "offset": [
        -1.2,
        -5,
        4
      ],
      "orientation": [
        0,
        65,
        0
      ]
    }
  ],
  "max_health": 850,
  "mesh_bounds": [
    8.4,
    12.8,
    8
  ],
  "model": {
    "animations": {
      "start": "/pa/units/land/tank_orbital/Vao13_anim_idle.papa"
    },
    "animtree": "/pa/units/land/tank_orbital/Vao13_at.json",
    "filename": "/pa/units/land/tank_orbital/Vao13.papa"
  },
  "navigation": {
    "acceleration": 2,
    "brake": 2,
    "move_speed": 12,
    "turn_speed": 90,
    "type": "land-small"
  },
  "physics": {
    "radius": 4
  },
  "recon": {
    "observer": {
      "items": [
        {
          "channel": "sight",
          "layer": "surface_and_air",
          "radius": 140,
          "shape": "capsule"
        },
        {
          "channel": "radar",
          "layer": "orbital",
          "radius": 200,
          "shape": "capsule"
        }
      ]
    }
  },
  "scrolling_uv": {
    "scroll_rate": 0.8,
    "uv_split": 0.87
  },
  "selection_icon": {
    "diameter": 16.0
  },
  "tools": [
    {
      "aim_bone": "pitch00",
      "fire_event": "fired0",
      "muzzle_bone": "muzzle00",
      "record_index": 0,
      "spec_id": "/pa/units/land/tank_orbital/tank_orbital_tool_weapon.json"
    }
  ],
  "unit_types": [
    "UNITTYPE_Tank",
    "UNITTYPE_Mobile",
    "UNITTYPE_Defense",
    "UNITTYPE_OrbitalDefense",
    "UNITTYPE_Land",
    "UNITTYPE_FactoryBuild",
    "UNITTYPE_Advanced"
  ]
}