{
  "attachable": {
    "offsets": {
      "head": [
        0,
        0.8,
        12
      ],
      "root": [
        0,
        0,
        0
      ]
    }
  },
  "base_spec": "/pa/units/commanders/quad_base_uber/quad_base.json",
  "catalog_object_name": "QuadCalyx",
  "client": {
    "ui": {
      "image": "/ui/main/shared/img/commanders/img_quad_calyx.png",
      "profile_image": "/ui/main/shared/img/commanders/profiles/profile_quad_calyx.png",
      "thumb_image": "/ui/main/shared/img/commanders/thumbs/img_quad_calyx_thumb.png"
    }
  },
  "description": "Quadruped Calyx Commander",
  "display_name": "Calyx Commander",
  "headlights": [
    {
      "bone": "bone_spine",
      "color": [
        1.0,
        1.0,
        1.0
      ],
      "far_distance": 30.0,
      "gobo": "/pa/effects/textures/gobo/spotlight_gobo.papa",
      "intensity": 6.0,
      "near_distance": 3.0,
      "near_height": 5.0,
      "near_width": 5.0,
      "offset": [
        0.6,
        -2.8,
        4.2
      ],
      "orientation": [
        0.0,
        45.0,
        0.0
      ],
      "shadow_resolution": 128
    }
  ],
  "lamps": [
    {
      "bone": "bone_spine",
      "color": [
        1.0,
        1.0,
        1.0
      ],
      "intensity": 5.0,
      "offset": [
        0.6,
        -2.8,
        4.2
      ],
      "radius": 2.0
    },
    {
      "bone": "bone_leftShoulder",
      "color": [
        0.4,
        1.0,
        0.01
      ],
      "intensity": 2.0,
      "offset": [
        0.0,
        -5.672,
        1.33
      ],
      "radius": 4.0
    }
  ],
  "mesh_bounds": [
    11.5,
    8.71255,
    12.6193
  ],
  "model": {
    "filename": "/pa/units/commanders/quad_calyx/quad_calyx.papa"
  }
}