{
  "TEMP_texelinfo": 12.901,
  "atrophy_cool_down": 15.0,
  "atrophy_rate": 25,
  "audio": {
    "selection_response": {
      "cue": "/SE/Selection/structure/artillery"
    }
  },
  "base_spec": "/pa/units/land/base_structure/base_structure.json",
  "build_metal_cost": 1500,
  "command_caps": [
    "ORDER_Attack"
  ],
  "description": "Heavy Cannon - Long-range direct fire damage for siege and area denial purposes. Extremely effective against naval.",
  "display_name": "Pelter",
  "events": {
    "build_complete": {
      "audio_cue": "/SE/Build_Complete/structure_small"
    },
    "died": {
      "audio_cue": "/SE/Death/structure_small",
      "effect_scale": 0.6
    },
    "fired": {
      "audio_cue": "/SE/Weapons/structure/artillery_short_fire",
      "effect_spec": "/pa/effects/specs/tank_muzzle_flash.pfx socket_muzzle /pa/effects/specs/artillery_muzzle_ground.pfx"
    }
  },
  "guard_layer": "WL_AnySurface",
  "lamps": [
    {
      "bone": "bone_pitch",
      "color": [
        1.0,
        1.0,
        1.0
      ],
      "intensity": 2.0,
      "offset": [
        0.0,
        -4.24,
        1.77
      ],
      "radius": 1.75
    }
  ],
  "max_health": 1800,
  "mesh_bounds": [
    8,
    10,
    8.9
  ],
  "model": [
    {
      "animations": {
        "aim_up": "/pa/units/land/artillery_short/artillery_short_anim_aimUp.papa"
      },
      "animtree": "/pa/anim/anim_trees/artillery_building_anim_tree.json",
      "filename": "/pa/units/land/artillery_short/artillery_short.papa",
      "layer": "WL_LandHorizontal",
      "skirt_decal": "/pa/effects/specs/skirt_artillery_short.json"
    },
    {
      "animations": {
        "aim_up": "/pa/units/sea/artillery_short/artillery_short_anim_aimUp.papa"
      },
      "animtree": "/pa/anim/anim_trees/artillery_building_anim_tree.json",
      "filename": "/pa/units/sea/artillery_short/artillery_short.papa",
      "layer": "WL_WaterSurface"
    }
  ],
  "nearby_target_tick_update_interval": 15,
  "placement_size": [
    15,
    15
  ],
  "recon": {
    "observer": {
      "items": [
        {
          "channel": "sight",
          "layer": "surface_and_air",
          "radius": 100,
          "shape": "capsule"
        }
      ]
    }
  },
  "selection_icon": {
    "diameter": 21.0
  },
  "spawn_layers": "WL_AnyHorizontalGroundOrWaterSurface",
  "tools": [
    {
      "aim_bone": "socket_aim",
      "muzzle_bone": "socket_muzzle",
      "spec_id": "/pa/units/land/artillery_short/artillery_short_tool_weapon.json"
    }
  ],
  "unit_types": [
    "UNITTYPE_Structure",
    "UNITTYPE_Artillery",
    "UNITTYPE_Defense",
    "UNITTYPE_FabBuild",
    "UNITTYPE_Basic"
  ]
}