{
  "TEMP_texelinfo": 12.901,
  "atrophy_cool_down": 15.0,
  "atrophy_rate": 25,
  "audio": {
    "selection_response": {
      "cue": "/SE/Selection/structure/artillery"
    }
  },
  "base_spec": "/pa/units/land/base_structure/base_structure.json",
  "build_metal_cost": 1400,
  "command_caps": [
    "ORDER_Attack"
  ],
  "description": "Boom Launcher - Builds and fires boom bots at nearby targets.",
  "display_name": "Lob",
  "events": {
    "build_complete": {
      "audio_cue": "/SE/Build_Complete/structure_small"
    },
    "died": {
      "audio_cue": "/SE/Death/structure_small",
      "effect_scale": 0.8
    },
    "fired": {
      "audio_cue": "/SE/Weapons/structure/artillery_short_fire",
      "effect_spec": "/pa/units/land/artillery_unit_launcher/artillery_unit_launcher_fire.pfx socket_muzzle"
    }
  },
  "fx_offsets": [
    {
      "bone": "socket_muzzle",
      "filename": "/pa/units/land/artillery_unit_launcher/artillery_unit_launcher_idle.pfx",
      "offset": [
        0,
        0,
        0
      ],
      "type": "energy"
    }
  ],
  "guard_layer": "WL_AnySurface",
  "lamps": [
    {
      "bone": "bone_pitch",
      "color": [
        1.0,
        1.0,
        1.0
      ],
      "intensity": 2.0,
      "offset": [
        0.0,
        -4.24,
        1.77
      ],
      "radius": 1.75
    }
  ],
  "max_health": 1000,
  "mesh_bounds": [
    15,
    15,
    8.9
  ],
  "model": [
    {
      "animations": {
        "aim_up": "/pa/units/land/artillery_short/artillery_short_anim_aimUp.papa"
      },
      "animtree": "/pa/anim/anim_trees/artillery_unit_launcher_anim_tree.json",
      "filename": "/pa/units/land/artillery_unit_launcher/artillery_unit_launcher.papa",
      "layer": "WL_LandHorizontal",
      "skirt_decal": "/pa/effects/specs/skirt_artillery_short.json"
    },
    {
      "animations": {
        "aim_up": "/pa/units/sea/artillery_short/artillery_short_anim_aimUp.papa"
      },
      "animtree": "/pa/anim/anim_trees/artillery_unit_launcher_anim_tree.json",
      "filename": "/pa/units/land/artillery_unit_launcher/artillery_unit_launcher.papa",
      "layer": "WL_WaterSurface"
    }
  ],
  "nearby_target_tick_update_interval": 15,
  "placement_size": [
    26,
    26
  ],
  "recon": {
    "observer": {
      "items": [
        {
          "channel": "sight",
          "layer": "surface_and_air",
          "radius": 100,
          "shape": "capsule"
        },
        {
          "channel": "sight",
          "layer": "underwater",
          "radius": 100,
          "shape": "capsule"
        }
      ]
    }
  },
  "selection_icon": {
    "diameter": 33.0
  },
  "spawn_layers": "WL_AnyHorizontalGroundOrWaterSurface",
  "tools": [
    {
      "aim_bone": "socket_aim",
      "muzzle_bone": "socket_muzzle",
      "spec_id": "/pa/units/land/artillery_unit_launcher/artillery_unit_launcher_tool_weapon.json"
    }
  ],
  "unit_types": [
    "UNITTYPE_Structure",
    "UNITTYPE_Artillery",
    "UNITTYPE_Defense",
    "UNITTYPE_FabBuild",
    "UNITTYPE_Basic"
  ]
}