{
  "ammo_capacity": 12500,
  "ammo_demand": 2500,
  "ammo_id": "/pa/units/land/apocalypse_apparatus/apocalypse_apparatus_ammo_top.json",
  "ammo_per_shot": 12500,
  "ammo_source": "energy",
  "auto_attack": true,
  "base_spec": "/pa/tools/base_laser_turret/base_laser_turret.json",
  "max_range": 220,
  "pitch_range": 45,
  "pitch_rate": 13,
  "rate_of_fire": 0.2,
  "target_layers": [
    "WL_Air",
    "WL_LandHorizontal",
    "WL_WaterSurface"
  ],
  "yaw_range": 180,
  "yaw_rate": 13
}