{
  "base_spec": "/pa/ammo/torpedo/torpedo.json",
  "damage": 475,
  "events": {
    "died": {
      "effect_spec": "/pa/effects/specs/default_proj_explosion.pfx"
    }
  },
  "flight_type": "Staged",
  "initial_velocity": 30,
  "lifetime": 10,
  "max_velocity": 60,
  "model": {
    "filename": "/pa/units/sea/torpedo/torpedo.papa"
  },
  "splash_damage": 300,
  "splash_damages_allies": true,
  "splash_radius": 4,
  "stages": [
    {
      "ignores_LOS": true,
      "ignores_gravity": false,
      "rotates_to_velocity": false,
      "stage_duration": 600,
      "stage_turn_rate": 0
    },
    {
      "ignores_LOS": true,
      "ignores_gravity": true,
      "rotates_to_velocity": false,
      "stage_change_range": 100,
      "stage_duration": 0,
      "stage_turn_rate": 90
    },
    {
      "ignores_LOS": false,
      "ignores_gravity": false,
      "rotates_to_velocity": true,
      "stage_duration": 5000,
      "stage_turn_rate": 360
    }
  ],
  "turn_rate": 360
}