{
  "TEMP_texelinfo": 10.3794,
  "attachable": {
    "offsets": {
      "head": [
        0,
        0,
        3.4
      ],
      "root": [
        0,
        0,
        0
      ]
    }
  },
  "audio": {
    "loops": {
      "move": {
        "cue": "/SE/Movement/veh/tank_leveler_loop_T2",
        "flag": "vel_changed",
        "should_start_func": "is_moving",
        "should_stop_func": "is_not_moving"
      }
    },
    "selection_response": {
      "cue": "/SE/Selection/veh/tank_leveler_T2"
    }
  },
  "base_spec": "/pa/units/land/base_vehicle/base_vehicle.json",
  "build_metal_cost": 650,
  "description": "Lightning Raider Tank - Fast with a heavy lightning cannon, but low health.",
  "display_name": "Leveler",
  "events": {
    "build_complete": {
      "audio_cue": "/SE/Build_Complete/veh"
    },
    "died": {
      "audio_cue": "/SE/Death/Veh",
      "effect_scale": 1.0,
      "effect_spec": "/pa/effects/specs/default_explosion_bot_t2.pfx"
    },
    "fired": {
      "audio_cue": "/SE/Weapons/orb/orb_ssx_laser_fire"
    }
  },
  "guard_layer": "WL_LandHorizontal",
  "max_health": 700,
  "mesh_bounds": [
    6.8,
    7.5,
    3.6
  ],
  "model": {
    "animtree": "/pa/anim/anim_trees/tank_laser_adv_anim_tree.json",
    "arrows": 5,
    "filename": "/pa/units/land/tank_laser_adv/tank_laser_adv.papa"
  },
  "navigation": {
    "acceleration": 10,
    "brake": 10,
    "move_speed": 16,
    "turn_speed": 60,
    "type": "land-small"
  },
  "physics": {
    "radius": 5
  },
  "recon": {
    "observer": {
      "items": [
        {
          "channel": "sight",
          "layer": "surface_and_air",
          "radius": 100,
          "shape": "capsule"
        },
        {
          "channel": "radar",
          "layer": "surface_and_air",
          "radius": 130,
          "shape": "capsule"
        }
      ]
    }
  },
  "selection_icon": {
    "diameter": 15.0
  },
  "tools": [
    {
      "aim_bone": "socket_aim",
      "muzzle_bone": [
        "socket_leftMuzzle"
      ],
      "spec_id": "/pa/units/land/tank_laser_adv/tank_laser_adv_tool_weapon.json"
    },
    {
      "aim_bone": "socket_aim",
      "muzzle_bone": [
        "socket_rightMuzzle"
      ],
      "spec_id": "/pa/units/land/tank_laser_adv/tank_laser_adv_tool_weapon.json"
    }
  ],
  "transportable": {
    "size": 1
  },
  "unit_types": [
    "UNITTYPE_Tank",
    "UNITTYPE_Mobile",
    "UNITTYPE_Offense",
    "UNITTYPE_Land",
    "UNITTYPE_Advanced",
    "UNITTYPE_FactoryBuild"
  ]
}