{
  "build_list": [
    {
      "build_conditions": [
        [
          {
            "boolean": false,
            "test_type": "HaveEcoForAdvanced"
          },
          {
            "boolean": false,
            "test_type": "NeedBasicBotFactory"
          },
          {
            "string0": "BasicBotFactory",
            "test_type": "CanAffordPotentialDrain"
          },
          {
            "string0": "BasicBotFactory",
            "test_type": "CanFindPlaceToBuild"
          }
        ],
        [
          {
            "boolean": true,
            "test_type": "HaveEcoForAdvanced"
          },
          {
            "boolean": true,
            "test_type": "NeedBasicBotFactory"
          },
          {
            "string0": "BasicBotFactory",
            "test_type": "CanAffordPotentialDrain"
          },
          {
            "string0": "BasicBotFactory",
            "test_type": "CanFindPlaceToBuild"
          }
        ],
        [
          {
            "boolean": true,
            "test_type": "HaveEcoForAdvanced"
          },
          {
            "boolean": true,
            "test_type": "NeedAdvancedBotFactory"
          },
          {
            "compare0": "<",
            "test_type": "UnitCountOnPlanet",
            "unit_type_string0": "(Factory & Construction & Bot & Basic) - Orbital",
            "value0": 1
          },
          {
            "string0": "BasicBotFactory",
            "test_type": "CanAffordPotentialDrain"
          },
          {
            "string0": "BasicBotFactory",
            "test_type": "CanFindPlaceToBuild"
          }
        ],
        [
          {
            "boolean": true,
            "test_type": "UnableToExpand"
          },
          {
            "boolean": true,
            "test_type": "NeedBasicBotFactory"
          },
          {
            "compare0": "<=",
            "test_type": "UnitCountOnPlanet",
            "unit_type_string0": "(Factory & Construction) - Orbital",
            "value0": 0
          },
          {
            "string0": "BasicBotFactory",
            "test_type": "CanFindPlaceToBuild"
          }
        ]
      ],
      "builders": [
        "Commander",
        "AnyBasicFabber",
        "AnyAdvancedFabber",
        "SupportCommander"
      ],
      "instance_count": 1,
      "max_num_assisters": 5,
      "min_num_assisters": 2,
      "name": "Basic Bot Factory",
      "placement_rules": {
        "buffer": 3,
        "threat": {
          "compare_type": "<",
          "influence_type": "AntiSurface",
          "radius": 10,
          "value": 50
        }
      },
      "priority": 376,
      "shared_instance_count": "BasicFactory",
      "to_build": "BasicBotFactory"
    },
    {
      "build_conditions": [
        [
          {
            "boolean": false,
            "test_type": "HaveEcoForAdvanced"
          },
          {
            "boolean": false,
            "test_type": "NeedBasicVehicleFactory"
          },
          {
            "string0": "BasicVehicleFactory",
            "test_type": "CanAffordPotentialDrain"
          },
          {
            "boolean": true,
            "test_type": "CanDeployLandFromBase"
          },
          {
            "string0": "BasicVehicleFactory",
            "test_type": "CanFindPlaceToBuild"
          }
        ],
        [
          {
            "boolean": true,
            "test_type": "HaveEcoForAdvanced"
          },
          {
            "boolean": true,
            "test_type": "NeedBasicVehicleFactory"
          },
          {
            "string0": "BasicVehicleFactory",
            "test_type": "CanAffordPotentialDrain"
          },
          {
            "boolean": true,
            "test_type": "CanDeployLandFromBase"
          },
          {
            "string0": "BasicVehicleFactory",
            "test_type": "CanFindPlaceToBuild"
          }
        ],
        [
          {
            "boolean": true,
            "test_type": "HaveEcoForAdvanced"
          },
          {
            "boolean": true,
            "test_type": "NeedAdvancedVehicleFactory"
          },
          {
            "compare0": "<",
            "test_type": "UnitCountOnPlanet",
            "unit_type_string0": "(Factory & Construction & Tank & Basic) - Orbital",
            "value0": 1
          },
          {
            "string0": "BasicVehicleFactory",
            "test_type": "CanAffordPotentialDrain"
          },
          {
            "boolean": true,
            "test_type": "CanDeployLandFromBase"
          },
          {
            "string0": "BasicVehicleFactory",
            "test_type": "CanFindPlaceToBuild"
          }
        ],
        [
          {
            "boolean": true,
            "test_type": "UnableToExpand"
          },
          {
            "boolean": true,
            "test_type": "NeedBasicVehicleFactory"
          },
          {
            "compare0": "<=",
            "test_type": "UnitCountOnPlanet",
            "unit_type_string0": "(Factory & Construction) - Orbital",
            "value0": 0
          },
          {
            "string0": "BasicVehicleFactory",
            "test_type": "CanFindPlaceToBuild"
          }
        ]
      ],
      "builders": [
        "Commander",
        "AnyBasicFabber",
        "AnyAdvancedFabber",
        "SupportCommander"
      ],
      "instance_count": 1,
      "max_num_assisters": 5,
      "min_num_assisters": 2,
      "name": "Basic Vehicle Factory",
      "placement_rules": {
        "buffer": 3,
        "threat": {
          "compare_type": "<",
          "influence_type": "AntiSurface",
          "radius": 10,
          "value": 50
        }
      },
      "priority": 376,
      "shared_instance_count": "BasicFactory",
      "to_build": "BasicVehicleFactory"
    },
    {
      "build_conditions": [
        [
          {
            "boolean": false,
            "test_type": "HaveEcoForAdvanced"
          },
          {
            "boolean": true,
            "string0": "PreventsWaste",
            "test_type": "HasPersonalityTag"
          },
          {
            "compare0": ">",
            "test_type": "CurrentMetalEfficiency",
            "value0": 1
          },
          {
            "compare0": ">",
            "test_type": "MetalStorageFrac",
            "value0": 0.2
          },
          {
            "compare0": ">=",
            "test_type": "CurrentEnergyEfficiency",
            "value0": 1
          },
          {
            "boolean": false,
            "test_type": "NeedBasicBotFactory"
          },
          {
            "string0": "BasicBotFactory",
            "test_type": "CanAffordPotentialDrain"
          },
          {
            "string0": "BasicBotFactory",
            "test_type": "CanFindPlaceToBuild"
          }
        ],
        [
          {
            "boolean": true,
            "test_type": "HaveEcoForAdvanced"
          },
          {
            "boolean": true,
            "string0": "PreventsWaste",
            "test_type": "HasPersonalityTag"
          },
          {
            "compare0": ">",
            "test_type": "CurrentMetalEfficiency",
            "value0": 1
          },
          {
            "compare0": ">",
            "test_type": "MetalStorageFrac",
            "value0": 0.2
          },
          {
            "compare0": ">=",
            "test_type": "CurrentEnergyEfficiency",
            "value0": 1
          },
          {
            "boolean": true,
            "test_type": "NeedBasicBotFactory"
          },
          {
            "string0": "BasicBotFactory",
            "test_type": "CanAffordPotentialDrain"
          },
          {
            "string0": "BasicBotFactory",
            "test_type": "CanFindPlaceToBuild"
          }
        ]
      ],
      "builders": [
        "Commander",
        "AnyBasicFabber",
        "AnyAdvancedFabber",
        "SupportCommander"
      ],
      "instance_count": 1,
      "max_num_assisters": 5,
      "min_num_assisters": 2,
      "name": "Basic Bot Factory - Wasting",
      "placement_rules": {
        "buffer": 3,
        "threat": {
          "compare_type": "<",
          "influence_type": "AntiSurface",
          "radius": 10,
          "value": 50
        }
      },
      "priority": 515,
      "shared_instance_count": "BasicFactory",
      "to_build": "BasicBotFactory"
    },
    {
      "build_conditions": [
        [
          {
            "boolean": false,
            "test_type": "HaveEcoForAdvanced"
          },
          {
            "boolean": true,
            "string0": "PreventsWaste",
            "test_type": "HasPersonalityTag"
          },
          {
            "compare0": ">",
            "test_type": "CurrentMetalEfficiency",
            "value0": 1
          },
          {
            "compare0": ">",
            "test_type": "MetalStorageFrac",
            "value0": 0.2
          },
          {
            "compare0": ">=",
            "test_type": "CurrentEnergyEfficiency",
            "value0": 1
          },
          {
            "boolean": false,
            "test_type": "NeedBasicVehicleFactory"
          },
          {
            "boolean": true,
            "test_type": "CanDeployLandFromBase"
          },
          {
            "string0": "BasicVehicleFactory",
            "test_type": "CanAffordPotentialDrain"
          },
          {
            "string0": "BasicVehicleFactory",
            "test_type": "CanFindPlaceToBuild"
          }
        ],
        [
          {
            "boolean": true,
            "test_type": "HaveEcoForAdvanced"
          },
          {
            "boolean": true,
            "string0": "PreventsWaste",
            "test_type": "HasPersonalityTag"
          },
          {
            "compare0": ">",
            "test_type": "CurrentMetalEfficiency",
            "value0": 1
          },
          {
            "compare0": ">",
            "test_type": "MetalStorageFrac",
            "value0": 0.2
          },
          {
            "compare0": ">=",
            "test_type": "CurrentEnergyEfficiency",
            "value0": 1
          },
          {
            "boolean": true,
            "test_type": "NeedBasicVehicleFactory"
          },
          {
            "boolean": true,
            "test_type": "CanDeployLandFromBase"
          },
          {
            "string0": "BasicVehicleFactory",
            "test_type": "CanAffordPotentialDrain"
          },
          {
            "string0": "BasicVehicleFactory",
            "test_type": "CanFindPlaceToBuild"
          }
        ]
      ],
      "builders": [
        "Commander",
        "AnyBasicFabber",
        "AnyAdvancedFabber",
        "SupportCommander"
      ],
      "instance_count": 1,
      "max_num_assisters": 5,
      "min_num_assisters": 2,
      "name": "Basic Vehicle Factory - Wasting",
      "placement_rules": {
        "buffer": 3,
        "threat": {
          "compare_type": "<",
          "influence_type": "AntiSurface",
          "radius": 10,
          "value": 50
        }
      },
      "priority": 515,
      "shared_instance_count": "BasicFactory",
      "to_build": "BasicVehicleFactory"
    },
    {
      "build_conditions": [
        [
          {
            "boolean": true,
            "test_type": "HaveEcoForAdvanced"
          },
          {
            "boolean": false,
            "string0": "Tutorial",
            "test_type": "HasPersonalityTag"
          },
          {
            "compare0": ">",
            "test_type": "UnitCountOnPlanet",
            "unit_type_string0": "(Factory & Construction & Basic) - Orbital",
            "value0": 0
          },
          {
            "boolean": true,
            "test_type": "NeedAdvancedBotFactory"
          },
          {
            "string0": "AdvancedBotFactory",
            "test_type": "CanAffordPotentialDrain"
          },
          {
            "string0": "AdvancedBotFactory",
            "test_type": "CanFindPlaceToBuild"
          }
        ],
        [
          {
            "boolean": true,
            "test_type": "UnableToExpand"
          },
          {
            "boolean": false,
            "string0": "Tutorial",
            "test_type": "HasPersonalityTag"
          },
          {
            "compare0": ">",
            "test_type": "UnitCountOnPlanet",
            "unit_type_string0": "(Factory & Construction & Basic) - Orbital",
            "value0": 0
          },
          {
            "boolean": true,
            "test_type": "NeedAdvancedBotFactory"
          },
          {
            "compare0": "<",
            "test_type": "UnitCountOnPlanet",
            "unit_type_string0": "(Factory & Advanced) - NukeDefense - Nuke - SelfDestruct",
            "value0": 1
          },
          {
            "string0": "AdvancedBotFactory",
            "test_type": "CanFindPlaceToBuild"
          }
        ]
      ],
      "builders": [
        "BasicBotFabber",
        "AdvancedBotFabber",
        "SupportCommander"
      ],
      "instance_count": 1,
      "max_num_assisters": 5,
      "min_num_assisters": 3,
      "name": "Advanced Bot Factory",
      "placement_rules": {
        "buffer": 3,
        "threat": {
          "compare_type": "<",
          "influence_type": "AntiSurface",
          "radius": 10,
          "value": 50
        }
      },
      "priority": 477,
      "shared_instance_count": "AdvancedFactory",
      "to_build": "AdvancedBotFactory"
    },
    {
      "build_conditions": [
        [
          {
            "boolean": true,
            "test_type": "HaveEcoForAdvanced"
          },
          {
            "compare0": ">",
            "test_type": "UnitCountOnPlanet",
            "unit_type_string0": "(Factory & Construction & Basic) - Orbital",
            "value0": 0
          },
          {
            "boolean": false,
            "string0": "Tutorial",
            "test_type": "HasPersonalityTag"
          },
          {
            "boolean": true,
            "test_type": "NeedAdvancedVehicleFactory"
          },
          {
            "string0": "AdvancedVehicleFactory",
            "test_type": "CanAffordPotentialDrain"
          },
          {
            "boolean": true,
            "test_type": "CanDeployLandFromBase"
          },
          {
            "string0": "AdvancedVehicleFactory",
            "test_type": "CanFindPlaceToBuild"
          }
        ],
        [
          {
            "boolean": true,
            "test_type": "UnableToExpand"
          },
          {
            "boolean": false,
            "string0": "Tutorial",
            "test_type": "HasPersonalityTag"
          },
          {
            "compare0": ">",
            "test_type": "UnitCountOnPlanet",
            "unit_type_string0": "(Factory & Construction & Basic) - Orbital",
            "value0": 0
          },
          {
            "boolean": true,
            "test_type": "NeedAdvancedVehicleFactory"
          },
          {
            "compare0": "<",
            "test_type": "UnitCountOnPlanet",
            "unit_type_string0": "(Factory & Advanced) - NukeDefense - Nuke - SelfDestruct",
            "value0": 1
          },
          {
            "boolean": true,
            "test_type": "CanDeployLandFromBase"
          },
          {
            "string0": "AdvancedVehicleFactory",
            "test_type": "CanFindPlaceToBuild"
          }
        ]
      ],
      "builders": [
        "BasicVehicleFabber",
        "AdvancedVehicleFabber"
      ],
      "instance_count": 1,
      "max_num_assisters": 5,
      "min_num_assisters": 3,
      "name": "Advanced Vehicle Factory",
      "placement_rules": {
        "buffer": 3,
        "threat": {
          "compare_type": "<",
          "influence_type": "AntiSurface",
          "radius": 10,
          "value": 50
        }
      },
      "priority": 477,
      "shared_instance_count": "AdvancedFactory",
      "to_build": "AdvancedVehicleFactory"
    },
    {
      "build_conditions": [
        [
          {
            "boolean": true,
            "test_type": "HaveEcoForAdvanced"
          },
          {
            "boolean": true,
            "string0": "PreventsWaste",
            "test_type": "HasPersonalityTag"
          },
          {
            "boolean": false,
            "string0": "Tutorial",
            "test_type": "HasPersonalityTag"
          },
          {
            "compare0": ">",
            "test_type": "CurrentMetalEfficiency",
            "value0": 1
          },
          {
            "compare0": ">",
            "test_type": "MetalStorageFrac",
            "value0": 0.2
          },
          {
            "compare0": ">=",
            "test_type": "CurrentEnergyEfficiency",
            "value0": 1
          },
          {
            "compare0": ">",
            "test_type": "UnitCountOnPlanet",
            "unit_type_string0": "(Factory & Construction & Basic) - Orbital",
            "value0": 0
          },
          {
            "boolean": true,
            "test_type": "NeedAdvancedBotFactory"
          },
          {
            "string0": "AdvancedBotFactory",
            "test_type": "CanAffordPotentialDrain"
          },
          {
            "string0": "AdvancedBotFactory",
            "test_type": "CanFindPlaceToBuild"
          }
        ]
      ],
      "builders": [
        "BasicBotFabber",
        "AdvancedBotFabber",
        "SupportCommander"
      ],
      "instance_count": 1,
      "max_num_assisters": 5,
      "min_num_assisters": 3,
      "name": "Advanced Bot Factory - Wasting",
      "placement_rules": {
        "buffer": 3,
        "threat": {
          "compare_type": "<",
          "influence_type": "AntiSurface",
          "radius": 10,
          "value": 50
        }
      },
      "priority": 525,
      "shared_instance_count": "AdvancedFactory",
      "to_build": "AdvancedBotFactory"
    },
    {
      "build_conditions": [
        [
          {
            "boolean": true,
            "test_type": "HaveEcoForAdvanced"
          },
          {
            "boolean": true,
            "string0": "PreventsWaste",
            "test_type": "HasPersonalityTag"
          },
          {
            "boolean": false,
            "string0": "Tutorial",
            "test_type": "HasPersonalityTag"
          },
          {
            "compare0": ">",
            "test_type": "CurrentMetalEfficiency",
            "value0": 1
          },
          {
            "compare0": ">",
            "test_type": "MetalStorageFrac",
            "value0": 0.2
          },
          {
            "compare0": ">=",
            "test_type": "CurrentEnergyEfficiency",
            "value0": 1
          },
          {
            "compare0": ">",
            "test_type": "UnitCountOnPlanet",
            "unit_type_string0": "(Factory & Construction & Basic) - Orbital",
            "value0": 0
          },
          {
            "boolean": true,
            "test_type": "NeedAdvancedVehicleFactory"
          },
          {
            "boolean": true,
            "test_type": "CanDeployLandFromBase"
          },
          {
            "string0": "AdvancedVehicleFactory",
            "test_type": "CanAffordPotentialDrain"
          },
          {
            "string0": "AdvancedVehicleFactory",
            "test_type": "CanFindPlaceToBuild"
          }
        ]
      ],
      "builders": [
        "BasicVehicleFabber",
        "AdvancedVehicleFabber"
      ],
      "instance_count": 1,
      "max_num_assisters": 5,
      "min_num_assisters": 3,
      "name": "Advanced Vehicle Factory - Wasting",
      "placement_rules": {
        "buffer": 3,
        "threat": {
          "compare_type": "<",
          "influence_type": "AntiSurface",
          "radius": 10,
          "value": 50
        }
      },
      "priority": 525,
      "shared_instance_count": "AdvancedFactory",
      "to_build": "AdvancedVehicleFactory"
    }
  ]
}