{
  "ammo_id": "/pa/units/air/fighter/fighter_machinegun_ammo.json",
  "auto_attack": true,
  "base_spec": "/pa/tools/base_laserblast_turret/base_laserblast_turret.json",
  "firing_arc_pitch": 45,
  "firing_arc_yaw": 15,
  "firing_standard_deviation": 2,
  "max_range": 100,
  "pitch_range": 45,
  "pitch_rate": 180,
  "rate_of_fire": 6,
  "target_layers": [
    "WL_LandHorizontal",
    "WL_WaterSurface",
    "WL_Air"
  ],
  "target_priorities": [
    "Air",
    "Mobile",
    "Naval",
    "Structure - Wall",
    "Wall"
  ],
  "yaw_range": 15,
  "yaw_rate": 360
}