{
  "TEMP_texelinfo": 9.04444,
  "attachable": {
    "offsets": {
      "head": [
        0,
        -0.5,
        6.1
      ],
      "root": [
        0,
        0,
        0
      ]
    }
  },
  "audio": {
    "loops": {
      "move": {
        "cue": "/SE/Movement/veh/tank_vagaurd_loop_T2",
        "flag": "vel_changed",
        "should_start_func": "is_moving",
        "should_stop_func": "is_not_moving"
      }
    },
    "selection_response": {
      "cue": "/SE/Selection/veh/tank_vagaurd_T2"
    }
  },
  "base_spec": "/pa/units/land/base_vehicle/base_vehicle.json",
  "build_metal_cost": 500,
  "description": "Mobile Wall - Absorbs heavy amount of damage; armed with a light machine gun.",
  "display_name": "Shielder",
  "events": {
    "build_complete": {
      "audio_cue": "/SE/Build_Complete/veh"
    },
    "died": {
      "audio_cue": "/SE/Death/Veh",
      "effect_scale": 1.2,
      "effect_spec": "/pa/effects/specs/default_explosion_bot_t2.pfx"
    },
    "fired": {
      "effect_spec": "/pa/effects/specs/default_muzzle_flash.pfx socket_leftMuzzle /pa/effects/specs/default_muzzle_flash.pfx socket_rightMuzzle"
    }
  },
  "guard_layer": "WL_LandHorizontal",
  "max_health": 2000,
  "mesh_bounds": [
    8.8,
    11.8,
    5.1
  ],
  "model": {
    "animtree": "/pa/anim/anim_trees/tank_armor_anim_tree.json",
    "filename": "/pa/units/land/tank_heavy_armor/tank_heavy_armora.papa"
  },
  "navigation": {
    "acceleration": 10,
    "brake": 10,
    "group_preference": "front",
    "move_speed": 15,
    "turn_speed": 180,
    "type": "amphibious"
  },
  "physics": {
    "radius": 6
  },
  "recon": {
    "observer": {
      "items": [
        {
          "channel": "sight",
          "layer": "surface_and_air",
          "radius": 100,
          "shape": "capsule"
        },
        {
          "channel": "radar",
          "layer": "surface_and_air",
          "radius": 150,
          "shape": "capsule"
        },
        {
          "channel": "radar",
          "layer": "underwater",
          "radius": 150,
          "shape": "capsule"
        }
      ]
    }
  },
  "scrolling_uv": {
    "scroll_rate": 0.58,
    "uv_split": 0.855
  },
  "selection_icon": {
    "diameter": 18.0
  },
  "tools": [
    {
      "aim_bone": "bone_turret",
      "muzzle_bone": [
        "socket_rightMuzzle",
        "socket_leftMuzzle"
      ],
      "projectiles_per_fire": 2,
      "spec_id": "/pa/units/land/tank_heavy_armor/tank_heavy_armor_tool_weapon.json"
    }
  ],
  "transportable": {
    "size": 1
  },
  "unit_types": [
    "UNITTYPE_Tank",
    "UNITTYPE_Heavy",
    "UNITTYPE_Offense",
    "UNITTYPE_Mobile",
    "UNITTYPE_Land",
    "UNITTYPE_Basic",
    "UNITTYPE_FactoryBuild",
    "UNITTYPE_Wall"
  ],
  "wreckage_health_frac": 1.0
}