{
  "audio_loop": "/SE/Movement/missile/artillery_long_missile_fly_loop",
  "base_spec": "/pa/ammo/base_bomb/base_bomb.json",
  "damage": 2500,
  "damage_volume": {
    "burnable_remove_radius": 100,
    "delay": 1,
    "initial_radius": 5,
    "radius_accel": 20,
    "radius_velocity": 20
  },
  "events": {
    "died": {
      "audio_cue": "/SE/Impacts/shell_artillery",
      "effect_scale": 2,
      "effect_spec": "/pa/effects/specs/default_building_explosion.pfx"
    }
  },
  "full_damage_splash_radius": 15,
  "impact_decals": [
    "/pa/effects/specs/scorch_c_01.json"
  ],
  "initial_velocity": 10.0,
  "lifetime": 5,
  "max_velocity": 10,
  "model": {
    "filename": "/pa/units/air/bomb_guided/bomb_guided.papa"
  },
  "physics": {
    "add_to_spatial_db": false,
    "gravity_scalar": 10,
    "radius": 1
  },
  "splash_damage": 500,
  "splash_damages_allies": true,
  "splash_radius": 30
}