{
  "ammo_id": "/pa/units/land/tank_flak/tank_flak_ammo.json",
  "auto_attack": true,
  "firing_arc_pitch": 15,
  "firing_arc_yaw": 15,
  "idle_aim_delay": 3,
  "max_range": 120,
  "pitch_range": 90,
  "pitch_rate": 3600,
  "rate_of_fire": 5,
  "spread_fire": true,
  "target_layers": [
    "WL_Air"
  ],
  "target_priorities": [
    "Air & Bomber",
    "Air & Gunship",
    "Air & Transport",
    "Air & Mobile"
  ],
  "tool_type": "TOOL_Weapon",
  "yaw_range": 180,
  "yaw_rate": 3600
}