{
  "ammo_type": "Projectile",
  "audio_loop": "/SE/Movement/missile/anti_nuke_missile_fly_loop",
  "build_metal_cost": 12000,
  "collision_bounds": 5,
  "collision_check": "target",
  "collision_response": "destroy",
  "damage": 1,
  "description": "!LOC:Anti-nuke - Intercepts incoming nuclear missiles.",
  "display_name": "!LOC:SR-24 -Shield- Missile Defense",
  "events": {
    "died": {
      "audio_cue": "/SE/Impacts/missile_antinuke",
      "effect_spec": "/pa/units/land/anti_nuke_launcher/anti_nuke_launcher_ammo_explosion.pfx",
      "effect_world_aligned": false
    }
  },
  "flight_type": "Staged",
  "fx_trail": {
    "filename": "/pa/units/land/anti_nuke_launcher/anti_nuke_launcher_ammo_trail.pfx",
    "offset": [
      0.0,
      4.6,
      0.0
    ]
  },
  "has_notifications": true,
  "influence_radius": 1200,
  "initial_velocity": 1500.0,
  "lifetime": 5,
  "max_velocity": 1500.0,
  "model": {
    "filename": "/pa/units/air/missile_anti_nuke/missile_anti_nuke.papa"
  },
  "physics": {
    "add_to_spatial_db": false,
    "allow_underground": true,
    "gravity_scalar": 3,
    "ignore_gravity": true,
    "radius": 5
  },
  "recon": {
    "observable": {
      "ignore_radar": false
    }
  },
  "show_strategic_icon": true,
  "spawn_layers": "WL_Air",
  "splash_damage": 1,
  "splash_radius": 0,
  "stages": [
    {
      "ignores_LOS": true,
      "ignores_gravity": true,
      "rotates_to_velocity": true,
      "stage_duration": 100,
      "stage_turn_rate": 180
    },
    {
      "ignores_LOS": false,
      "ignores_gravity": true,
      "rotates_to_velocity": true,
      "stage_duration": 0,
      "stage_turn_rate": 1080
    }
  ],
  "turn_rate": 3600
}