{
  "TEMP_texelinfo": 5.84968,
  "armor_type": "AT_Hover",
  "attachable": {
    "offsets": {
      "head": [
        0,
        0,
        2.7
      ],
      "root": [
        0,
        0,
        0
      ]
    }
  },
  "audio": {
    "loops": {
      "move": {
        "cue": "/SE/Movement/veh/tank_hover_loop",
        "flag": "vel_changed",
        "should_start_func": "is_moving",
        "should_stop_func": "is_not_moving"
      }
    },
    "selection_response": {
      "cue": "/SE/Selection/veh/tank_hover"
    }
  },
  "base_spec": "/pa/units/land/base_vehicle/base_vehicle.json",
  "build_metal_cost": 500,
  "description": "!LOC:Hover Tank- Fast. Can cross water and lava. Attacks land and sea targets.",
  "display_name": "!LOC:Drifter",
  "events": {
    "build_complete": {
      "audio_cue": "/SE/Build_Complete/veh"
    },
    "died": {
      "audio_cue": "/SE/Death/Veh"
    },
    "fired": {
      "audio_cue": "/SE/Weapons/veh/tank_hover_fire",
      "effect_spec": "/pa/effects/specs/tank_muzzle_flash.pfx socket_muzzle"
    }
  },
  "fx_offsets": [
    {
      "bone": "bone_root",
      "filename": "/pa/effects/specs/hover_idle_01.pfx",
      "offset": [
        -2.86,
        -1.9,
        0.96
      ],
      "orientation": [
        0,
        0,
        -202.5
      ],
      "type": "idle"
    },
    {
      "bone": "bone_root",
      "filename": "/pa/effects/specs/hover_idle_01.pfx",
      "offset": [
        2.86,
        -1.9,
        0.96
      ],
      "orientation": [
        0,
        0,
        22.5
      ],
      "type": "idle"
    },
    {
      "bone": "bone_root",
      "filename": "/pa/effects/specs/hover_idle_01.pfx",
      "offset": [
        2.13,
        2.14,
        2.22
      ],
      "orientation": [
        0,
        0,
        -15
      ],
      "type": "idle"
    },
    {
      "bone": "bone_root",
      "filename": "/pa/effects/specs/hover_idle_01.pfx",
      "offset": [
        -2.13,
        2.14,
        2.22
      ],
      "orientation": [
        0,
        0,
        195
      ],
      "type": "idle"
    }
  ],
  "guard_layer": "WL_LandHorizontal",
  "headlights": [
    {
      "color": [
        0.9,
        0.92,
        1.0
      ],
      "far_distance": 20.0,
      "gobo": "/pa/effects/textures/gobo/spotlight_gobo.papa",
      "intensity": 1.4,
      "near_distance": 1.2,
      "near_height": 2.0,
      "near_width": 2.0,
      "offset": [
        1.8,
        -2,
        1.0
      ],
      "orientation": [
        0.0,
        65.0,
        0.0
      ]
    },
    {
      "color": [
        0.9,
        0.92,
        1.0
      ],
      "far_distance": 20.0,
      "gobo": "/pa/effects/textures/gobo/spotlight_gobo.papa",
      "intensity": 1.4,
      "near_distance": 1.2,
      "near_height": 2.0,
      "near_width": 2.0,
      "offset": [
        -1.8,
        -2,
        1.0
      ],
      "orientation": [
        0.0,
        65.0,
        0.0
      ]
    }
  ],
  "max_health": 400,
  "mesh_bounds": [
    4.93769,
    6.4,
    2.6835
  ],
  "model": {
    "animations": {
      "hover": "/pa/units/land/tank_hover/tank_hover_anim_hover.papa"
    },
    "animtree": "/pa/anim/anim_trees/tank_hover_anim_tree.json",
    "filename": "/pa/units/land/tank_hover/tank_hover.papa"
  },
  "navigation": {
    "acceleration": 35,
    "brake": 35,
    "move_speed": 11,
    "turn_in_place": true,
    "turn_speed": 10,
    "type": "hover"
  },
  "physics": {
    "air_friction": 0.5,
    "radius": 3
  },
  "recon": {
    "observer": {
      "items": [
        {
          "channel": "sight",
          "layer": "surface_and_air",
          "radius": 75,
          "shape": "capsule"
        }
      ]
    }
  },
  "selection_icon": {
    "diameter": 13.0
  },
  "tools": [
    {
      "aim_bone": "socket_aim",
      "muzzle_bone": "socket_muzzle",
      "spec_id": "/pa/units/land/tank_hover/tank_hover_tool_weapon.json"
    }
  ],
  "transportable": {
    "size": 1
  },
  "unit_types": [
    "UNITTYPE_Tank",
    "UNITTYPE_Naval",
    "UNITTYPE_Mobile",
    "UNITTYPE_Offense",
    "UNITTYPE_Land",
    "UNITTYPE_Basic",
    "UNITTYPE_Hover",
    "UNITTYPE_FactoryBuild"
  ]
}