{
  "ammo_capacity": 10,
  "ammo_demand": 0,
  "ammo_id": "/pa/units/land/laser_defense_adv/laser_defense_adv_ammo.json",
  "ammo_per_shot": 0.4,
  "ammo_source": "time",
  "auto_attack": true,
  "base_spec": "/pa/tools/base_laser_turret/base_laser_turret.json",
  "carpet_fire": true,
  "carpet_wait_for_full_ammo": true,
  "firing_arc_pitch": 10,
  "firing_arc_yaw": 10,
  "max_range": 110,
  "pitch_range": 90,
  "pitch_rate": 30,
  "rate_of_fire": 10.0,
  "target_layers": [
    "WL_Air",
    "WL_LandHorizontal",
    "WL_WaterSurface"
  ],
  "yaw_range": 180,
  "yaw_rate": 65
}