{
  "base_spec": "/pa/ammo/base_artillery/base_artillery.json",
  "damage": 80,
  "events": {
    "died": {
      "audio_cue": "/SE/Impacts/shell_artillery",
      "effect_spec": "/pa/effects/specs/default_explosion.pfx"
    }
  },
  "flight_type": "Ballistic",
  "full_damage_splash_radius": 2,
  "initial_velocity": 200,
  "lifetime": 10,
  "max_velocity": 200,
  "model": {
    "filename": "/pa/units/air/bomb/bomb.papa"
  },
  "splash_damage": 35,
  "splash_damages_allies": true,
  "splash_radius": 12
}