{
  "TEMP_texelinfo": 7.25927,
  "area_build_separation": 100,
  "area_build_type": "Sphere",
  "atrophy_cool_down": 15.0,
  "atrophy_rate": 3.3333,
  "audio": {
    "selection_response": {
      "cue": "/SE/Selection/structure/radar"
    }
  },
  "base_spec": "/pa/units/land/base_structure/base_structure.json",
  "build_metal_cost": 200,
  "consumption": {
    "energy": 900
  },
  "description": "Basic Radar - Detects nearby enemy land, sea, and air units.",
  "display_name": "Radar",
  "energy_efficiency_requirement": 0.9,
  "events": {
    "build_complete": {
      "audio_cue": "/SE/Build_Complete/radar"
    },
    "died": {
      "audio_cue": "/SE/Death/radar",
      "effect_scale": 0.5
    }
  },
  "fx_offsets": [
    {
      "bone": "bone_rotator",
      "filename": "/pa/units/land/radar/radar_on.pfx",
      "offset": [
        0,
        0.145,
        1.425
      ],
      "orientation": [
        0,
        -45,
        0
      ],
      "type": "energy"
    }
  ],
  "lamps": [
    {
      "color": [
        1.0,
        1.0,
        1.0
      ],
      "intensity": 2.0,
      "offset": [
        0.0,
        3.68,
        5.53
      ],
      "radius": 3.0
    }
  ],
  "max_health": 500,
  "mesh_bounds": [
    8.58559,
    7.71255,
    10.5
  ],
  "model": [
    {
      "animations": {
        "end": "/pa/units/land/radar/radar_anim_end.papa",
        "loop": "/pa/units/land/radar/radar_anim_loop.papa",
        "start": "/pa/units/land/radar/radar_anim_start.papa"
      },
      "animtree": "/pa/anim/anim_trees/powered_loop_anim_tree.json",
      "filename": "/pa/units/land/radar/radar.papa",
      "layer": "WL_LandHorizontal",
      "skirt_decal": "/pa/effects/specs/skirt_radar.json"
    },
    {
      "animations": {
        "end": "/pa/units/land/radar/radar_anim_end.papa",
        "loop": "/pa/units/land/radar/radar_anim_loop.papa",
        "start": "/pa/units/land/radar/radar_anim_start.papa"
      },
      "animtree": "/pa/anim/anim_trees/powered_loop_anim_tree.json",
      "filename": "/pa/units/sea/radar/radar.papa",
      "layer": "WL_WaterSurface"
    }
  ],
  "physics": {
    "collision_layers": "WL_AnySurface"
  },
  "recon": {
    "observer": {
      "items": [
        {
          "channel": "sight",
          "layer": "surface_and_air",
          "radius": 100,
          "shape": "capsule",
          "uses_energy": true
        },
        {
          "channel": "radar",
          "layer": "surface_and_air",
          "radius": 450,
          "shape": "capsule",
          "uses_energy": true
        }
      ]
    }
  },
  "selection_icon": {
    "diameter": 13.0
  },
  "spawn_layers": "WL_AnySurface",
  "unit_types": [
    "UNITTYPE_Land",
    "UNITTYPE_Structure",
    "UNITTYPE_Basic",
    "UNITTYPE_CmdBuild",
    "UNITTYPE_FabBuild",
    "UNITTYPE_Recon"
  ]
}