{
  "TEMP_texelinfo": 9.4493,
  "area_build_separation": 18,
  "atrophy_cool_down": 30.0,
  "atrophy_rate": 20.0,
  "base_spec": "/pa/units/land/base_structure/base_structure.json",
  "build_metal_cost": 250,
  "command_caps": [
    "ORDER_Attack"
  ],
  "description": "Light Missile Tower - Anti-anything missiles. Moderately effective against all targets. Fires in volleys. Named by Timp13.",
  "display_name": "Slinger",
  "events": {
    "build_complete": {
      "audio_cue": "/SE/Build_Complete/structure_small"
    },
    "died": {
      "audio_cue": "/SE/Death/structure_small",
      "effect_scale": 0.3
    },
    "fired": {
      "audio_cue": "/SE/Weapons/structure/air_defense_fire",
      "effect_spec": "/pa/effects/specs/default_muzzle_flash.pfx bone_muzzle"
    }
  },
  "guard_layer": "WL_AnyHorizontalGroundOrWaterSurface",
  "max_health": 400,
  "mesh_bounds": [
    5,
    5,
    10.7778
  ],
  "model": [
    {
      "animtree": "/pa/anim/anim_trees/rocket_defense_anim_tree.json",
      "filename": "/pa/units/land/rocket_defense/rocket_defense.papa",
      "layer": "WL_LandHorizontal",
      "skirt_decal": "/pa/effects/specs/skirt_defense.json"
    },
    {
      "animtree": "/pa/anim/anim_trees/rocket_defense_anim_tree.json",
      "filename": "/pa/units/sea/floating_rocket_defense/floating_rocket_defense.papa",
      "layer": "WL_WaterSurface"
    }
  ],
  "recon": {
    "observer": {
      "items": [
        {
          "channel": "sight",
          "layer": "surface_and_air",
          "radius": 100,
          "shape": "capsule"
        }
      ]
    }
  },
  "selection_icon": {
    "diameter": 16.0
  },
  "spawn_layers": "WL_AnyHorizontalGroundOrWaterSurface",
  "tools": [
    {
      "aim_bone": "bone_pitch",
      "muzzle_bone": "bone_muzzle",
      "spec_id": "/pa/units/land/rocket_defense/rocket_defense_tool_weapon.json"
    }
  ],
  "unit_types": [
    "UNITTYPE_Structure",
    "UNITTYPE_Basic",
    "UNITTYPE_Land",
    "UNITTYPE_Defense",
    "UNITTYPE_AirDefense",
    "UNITTYPE_CmdBuild",
    "UNITTYPE_CombatFabAdvBuild",
    "UNITTYPE_FabBuild",
    "UNITTYPE_FabAdvBuild"
  ]
}