{
  "audio_loop": "/SE/Movement/missile/artillery_long_missile_fly_loop",
  "base_spec": "/pa/ammo/base_artillery/base_artillery.json",
  "damage": 2500,
  "events": {
    "died": {
      "audio_cue": "/SE/Impacts/missile_artillery_long_holkins",
      "effect_spec": "/pa/effects/specs/default_building_explosion.pfx"
    }
  },
  "full_damage_splash_radius": 5,
  "fx_trail": {
    "filename": "/pa/effects/specs/shell_artillery_large_proj_trail.pfx",
    "offset": [
      0.0,
      1.0,
      0.0
    ]
  },
  "influence_radius": 900,
  "initial_velocity": 200.0,
  "lifetime": 30,
  "model": {
    "filename": "/pa/units/air/shell_large/shell_large.papa"
  },
  "physics": {
    "add_to_spatial_db": false,
    "gravity_scalar": 10,
    "radius": 1
  },
  "splash_damage": 2000,
  "splash_damages_allies": true,
  "splash_radius": 20
}