{
  "TEMP_texelinfo": 38.3936,
  "area_build_separation": 2,
  "armor_type": "AT_Structure",
  "atrophy_cool_down": 15.0,
  "atrophy_rate": 10.0,
  "audio": {
    "loops": {
      "build": {
        "cue": "/SE/Construction/Factory_contruction_loop_bot",
        "flag": "build_target_changed",
        "should_start_func": "has_build_target",
        "should_stop_func": "no_build_target"
      }
    },
    "selection_response": {
      "cue": "/SE/Selection/structure/structure_small"
    }
  },
  "base_spec": "/pa/units/land/base_structure/base_structure.json",
  "build_metal_cost": 500,
  "buildable_types": "(Custom3) & FactoryBuild",
  "command_caps": [
    "ORDER_Move",
    "ORDER_Patrol",
    "ORDER_FactoryBuild",
    "ORDER_Reclaim",
    "ORDER_Repair",
    "ORDER_Attack",
    "ORDER_Assist",
    "ORDER_Use"
  ],
  "death": {
    "decals": [
      "/pa/effects/specs/scorch_c_01.json"
    ]
  },
  "description": "Amphibious Factory - Builds amphibious bots.",
  "display_name": "Amphibious Factory",
  "events": {
    "build_complete": {
      "audio_cue": "/SE/Build_Complete/factory"
    },
    "destroyed": {
      "audio_cue": "/SE/Impacts/debris_destroyed"
    },
    "died": {
      "effect_scale": 1.0
    }
  },
  "factory_cooldown_time": 3,
  "fx_offsets": [
    {
      "bone": "armD01",
      "filename": "/pa/effects/specs/fab_spray.pfx",
      "orientation": [
        0,
        0,
        90
      ],
      "type": "build"
    },
    {
      "bone": "armD02",
      "filename": "/pa/effects/specs/fab_spray.pfx",
      "orientation": [
        0,
        0,
        90
      ],
      "type": "build"
    },
    {
      "bone": "armD03",
      "filename": "/pa/effects/specs/fab_spray.pfx",
      "orientation": [
        0,
        0,
        90
      ],
      "type": "build"
    },
    {
      "bone": "armD04",
      "filename": "/pa/effects/specs/fab_spray.pfx",
      "orientation": [
        0,
        0,
        90
      ],
      "type": "build"
    }
  ],
  "guard_radius": 50,
  "headlights": [
    {
      "color": [
        1,
        1,
        1
      ],
      "far_distance": 23,
      "gobo": "/pa/effects/textures/gobo/spotlight_gobo.papa",
      "intensity": 2,
      "near_distance": 8,
      "near_height": 15,
      "near_width": 15,
      "offset": [
        0,
        0,
        15
      ]
    }
  ],
  "max_health": 2750,
  "mesh_bounds": [
    29.5,
    30.5,
    15.2
  ],
  "model": {
    "animations": {
      "build_end": "/pa/units/sea/amphibious_factory/Bfac22_anim_end.papa",
      "build_loop": "/pa/units/sea/amphibious_factory/Bfac22_anim_build.papa",
      "build_start": "/pa/units/sea/amphibious_factory/Bfac22_anim_start.papa",
      "idle": "/pa/units/sea/amphibious_factory/Bfac22_anim_build.papa"
    },
    "animtree": "/pa/anim/anim_trees/factory_anim_tree.json",
    "filename": "/pa/units/sea/amphibious_factory/Bfac22.papa",
    "skirt_decal": "/pa/effects/specs/skirt_bot.json"
  },
  "physics": {
    "air_friction": 1.0,
    "allow_pushing": false,
    "allow_underground": false,
    "push_sideways": false,
    "radius": 1,
    "shape": "Box",
    "type": "Structure"
  },
  "placement_size": [
    40,
    55
  ],
  "recon": {
    "observable": {
      "layer": "surface_and_air",
      "show_ghost": true
    },
    "observer": {
      "items": [
        {
          "channel": "sight",
          "layer": "surface_and_air",
          "radius": 100,
          "shape": "capsule"
        }
      ]
    }
  },
  "rolloff_dirs": [
    [
      0,
      1,
      0
    ],
    [
      0,
      -1,
      0
    ]
  ],
  "selection_icon": {
    "diameter": 49.5
  },
  "spawn_layers": "WL_AnyHorizontalGroundOrWaterSurface",
  "storage": {
    "energy": 1000,
    "metal": 250
  },
  "structure": {
    "cost_stamp": {
      "shape": "box",
      "type_data": [
        {
          "move_type": "land-small",
          "stamp_type": "structure"
        },
        {
          "move_type": "amphibious",
          "stamp_type": "structure"
        },
        {
          "move_type": "amphibious-large",
          "stamp_type": "structure"
        },
        {
          "move_type": "hover",
          "stamp_type": "structure"
        },
        {
          "move_type": "hover-large",
          "stamp_type": "structure"
        },
        {
          "move_type": "deepwater",
          "stamp_type": "structure"
        },
        {
          "move_type": "underwater",
          "stamp_type": "structure"
        }
      ]
    }
  },
  "tools": [
    {
      "aim_bone": "bone_root",
      "spec_id": "/pa/units/sea/amphibious_factory/amphibious_factory_build_arm.json"
    }
  ],
  "unit_types": [
    "UNITTYPE_Factory",
    "UNITTYPE_Construction",
    "UNITTYPE_Land",
    "UNITTYPE_Important",
    "UNITTYPE_Basic",
    "UNITTYPE_FabBuild",
    "UNITTYPE_CmdBuild",
    "UNITTYPE_FabAdvBuild",
    "UNITTYPE_Important"
  ],
  "wait_to_rolloff_time": 0,
  "wreckage_health_frac": 1.0
}