{
  "armor_damage_map": {
    "AT_Structure": 1.0
  },
  "base_spec": "/pa/ammo/base_missiles/base_missile_seeking.json",
  "damage": 40,
  "full_damage_splash_radius": 0.75,
  "fx_trail": {
    "filename": "/pa/units/sea/drone_carrier/drone/drone_ammo_trail.pfx",
    "offset": [
      0.0,
      0.0,
      0.0
    ]
  },
  "initial_velocity": 150.0,
  "lifetime": 2,
  "max_velocity": 150.0,
  "model": {
    "filename": ""
  },
  "splash_damage": 20,
  "splash_radius": 0.75,
  "turn_rate": 360
}