{
  "TEMP_texelinfo": 5.39039,
  "audio": {
    "loops": {
      "move": {
        "cue": "/SE/Movement/air/carrier_drone_loop",
        "flag": "vel_changed",
        "should_start_func": "is_moving",
        "should_stop_func": "is_not_moving"
      }
    },
    "selection_response": {
      "cue": "/SE/Selection/air/air"
    }
  },
  "base_spec": "/pa/units/air/base_flyer/base_flyer.json",
  "build_metal_cost": 30,
  "description": "Missile Drone - Fast, fragile, attacks land and air.",
  "display_name": "Squall",
  "events": {
    "build_complete": {
      "audio_cue": "/SE/Build_Complete/air"
    },
    "died": {
      "audio_cue": "/SE/Death/Air",
      "effect_scale": 0.4,
      "effect_spec": "/pa/units/air/base_flyer/base_flyer_death.pfx"
    },
    "fired": {
      "audio_cue": "/SE/Weapons/air/carrier_drone_fire"
    }
  },
  "fx_offsets": [
    {
      "filename": "/pa/units/sea/drone_carrier/drone/drone_jets.pfx",
      "offset": [
        0,
        0.727,
        0.42
      ],
      "type": "moving_forward"
    }
  ],
  "guard_layer": "WL_AnyLayer",
  "guard_radius": 200,
  "max_health": 125,
  "mesh_bounds": [
    4,
    4,
    2
  ],
  "model": {
    "animations": {
      "deploy": "/pa/units/sea/drone_carrier/drone/drone_anim_deploy.papa",
      "idle": "/pa/units/sea/drone_carrier/drone/drone_anim_idle.papa"
    },
    "animtree": "/pa/anim/anim_trees/drone_anim_tree.json",
    "filename": "/pa/units/sea/drone_carrier/drone/drone.papa"
  },
  "navigation": {
    "acceleration": 90,
    "aggressive_distance": 50.0,
    "aggressive_height": 0.0,
    "bank_factor": 10,
    "brake": 30,
    "move_speed": 90,
    "turn_speed": 270,
    "type": "air",
    "vertical_speed": 200
  },
  "passive_health_regen": -5,
  "physics": {
    "gravity_scalar": 1,
    "push_class": 2,
    "radius": 6
  },
  "recon": {
    "observer": {
      "items": [
        {
          "channel": "sight",
          "layer": "surface_and_air",
          "radius": 120,
          "shape": "capsule"
        }
      ]
    }
  },
  "selection_icon": {
    "diameter": 11.0
  },
  "tools": [
    {
      "aim_bone": "bone_root",
      "record_index": 0,
      "spec_id": "/pa/units/sea/drone_carrier/drone/drone_tool_weapon.json"
    }
  ],
  "unit_types": [
    "UNITTYPE_Scout",
    "UNITTYPE_Mobile",
    "UNITTYPE_Air",
    "UNITTYPE_Basic"
  ]
}