{
  "ammo_id": [
    {
      "id": "/pa/units/land/bot_mortar/bot_mortar_ammo.json",
      "layer": "WL_AnyLand"
    }
  ],
  "arc_type": "ARC_Low",
  "auto_attack": true,
  "base_spec": "/pa/tools/base_artillery_turret_unit/base_artillery_turret_unit.json",
  "firing_standard_deviation": 1.5,
  "idle_aim_delay": 5,
  "max_range": 140,
  "pitch_range": 89,
  "pitch_rate": 15,
  "rate_of_fire": 0.35,
  "target_layers": [
    "WL_Air",
    "WL_LandHorizontal",
    "WL_Seafloor",
    "WL_WaterSurface"
  ],
  "yaw_range": 360,
  "yaw_rate": 360
}