{
  "ammo_capacity": 4000,
  "ammo_demand": 1000,
  "ammo_id": "/pa/units/land/bot_sniper/bot_sniper_ammo.json",
  "ammo_per_shot": 4000,
  "ammo_source": "energy",
  "auto_attack": true,
  "base_spec": "/pa/tools/base_shell_turret/base_shell_turret.json",
  "idle_aim_delay": 3.0,
  "max_range": 170,
  "pitch_range": 89,
  "pitch_rate": 20,
  "rate_of_fire": 0.2,
  "spread_fire": true,
  "target_layers": [
    "WL_Air",
    "WL_LandHorizontal",
    "WL_Seafloor",
    "WL_WaterSurface"
  ],
  "yaw_range": 165,
  "yaw_rate": 40
}