{
  "base_spec": "/pa/units/commanders/base_commander/base_commander_ammo.json",
  "damage": 60,
  "events": {
    "died": {
      "audio_cue": "/SE/Impacts/laser_blast",
      "effect_specs": "/pa/effects/specs/default_proj_explosion.pfx"
    },
    "spawned": {
      "audio_cue": "/SE/Weapons/commander/Commander_gun_fire_laser"
    }
  },
  "flight_type": "Ballistic",
  "fx_trail": {
    "filename": "/pa/effects/specs/laser_blast_small_proj_trail.pfx"
  },
  "initial_velocity": 125.0,
  "lifetime": 2,
  "max_velocity": 125.0,
  "splash_damage": 50,
  "splash_damages_allies": true,
  "splash_radius": 1,
  "turn_rate": 180
}