{
  "author": "Stuart98",
  "build": "89755",
  "category": [
    "Units",
    "Balance"
  ],
  "context": "server",
  "date": "2015/10/31",
  "dependencies": [
    "com.stuart98.gat.client"
  ],
  "description": "A complete rework of PA from the top down focussed on creating a more fluid experience with a TA derived feel.",
  "display_name": "Galactic Annihilation Titans v2.11",
  "enabled": true,
  "forum": "https://forums.uberent.com/threads/soon.70525/",
  "icon": "http://i.imgur.com/g8m0AAg.png?1",
  "identifier": "com.stuart98.gatitans",
  "priority": 100,
  "signature": "(not yet implemented)",
  "version": "2.11"
}