{
  "base_spec": "/pa/ammo/base_beam/base_beam.json",
  "collision_check": "target",
  "collision_response": "impact",
  "damage": 1200,
  "damage_volume": {
    "delay": 0.1,
    "initial_radius": 5.0,
    "radius_accel": 0.0,
    "radius_velocity": 80.0
  },
  "full_damage_splash_radius": 5,
  "fx_beam_spec": "/pa/units/air/titan_air/titan_air_ammo_beam.pfx",
  "fx_collision_spec": "/pa/units/air/titan_air/titan_air_ammo_beam_hit.pfx",
  "splash_damage": 500,
  "splash_damages_allies": true,
  "splash_radius": 30
}