{
  "armor_type": "AT_Naval",
  "audio": {
    "loops": {
      "move": {
        "cue": "/SE/Movement/sea/destroyer_loop",
        "flag": "vel_changed",
        "should_start_func": "is_moving",
        "should_stop_func": "is_not_moving"
      }
    },
    "selection_response": {
      "cue": "/SE/Selection/sea/sea"
    }
  },
  "command_caps": [
    "ORDER_Move",
    "ORDER_Patrol",
    "ORDER_Attack",
    "ORDER_Assist",
    "ORDER_Use"
  ],
  "description": "Base Ship Description - If you're seeing this, something is wrong in your ship.",
  "display_name": "Base Ship",
  "events": {
    "build_complete": {
      "audio_cue": "/SE/Build_Complete/sea"
    },
    "died": {
      "audio_cue": "/SE/Death/Sea",
      "effect_scale": 1.5,
      "effect_spec": "/pa/effects/specs/default_building_explosion.pfx"
    },
    "fired": {
      "audio_cue": "/SE/Weapons/base/base_fire_laser"
    },
    "teleported": {
      "audio_cue": "/SE/Death/Veh",
      "effect_spec": "/pa/effects/specs/default_explosion.pfx"
    }
  },
  "guard_radius": 50,
  "navigation": {
    "acceleration": 1000,
    "brake": 4000,
    "dodge_multiplier": 1.0,
    "dodge_radius": 15,
    "move_speed": 1000,
    "park_stamp": {
      "cost": 20,
      "shape": "box",
      "type_data": [
        {
          "move_type": "deepwater",
          "stamp_type": "simple"
        },
        {
          "move_type": "amphibious",
          "stamp_type": "simple"
        },
        {
          "move_type": "hover",
          "stamp_type": "simple"
        }
      ]
    },
    "turn_speed": 1000,
    "type": "deepwater",
    "wobble_factor": 0.1,
    "wobble_speed": 0.2
  },
  "physics": {
    "air_friction": 1.0,
    "collision_layers": "WaterSurface",
    "radius": 6,
    "shape": "sphere",
    "sync_radius_to_extents": false
  },
  "spawn_layers": "WL_WaterSurface",
  "strategic_icon_priority": 3,
  "teleportable": {},
  "unit_types": [
    "UNITTYPE_Naval",
    "UNITTYPE_Mobile",
    "UNITTYPE_NoBuild"
  ],
  "wreckage": {
    "collision": [
      "none"
    ],
    "remove_ground_cost_stamp": true
  },
  "wreckage_health_frac": 1.0
}