{
  "TEMP_texelinfo": 17.7177,
  "attachable": {
    "offsets": {
      "root": [
        0,
        0,
        0
      ]
    }
  },
  "base_spec": "/pa/units/orbital/base_orbital/base_orbital.json",
  "build_metal_cost": 2000,
  "command_caps": [
    "ORDER_Move",
    "ORDER_Patrol",
    "ORDER_Attack",
    "ORDER_Assist"
  ],
  "description": "Railgun Platform - Long-range. High damage. Very low rate of fire. Uses energy. Attacks orbital.",
  "display_name": "Artemis",
  "events": {
    "build_complete": {
      "audio_cue": "/SE/Build_Complete/orbital"
    },
    "died": {
      "audio_cue": "/SE/Death/orbital",
      "effect_scale": 1.0,
      "effect_spec": "/pa/units/air/base_flyer/base_flyer_death_t2.pfx"
    },
    "fired": {
      "audio_cue": "/SE/Weapons/orb/orb_railgun_fire",
      "effect_spec": "/pa/effects/specs/orbital_railgun_muzzle_flash.pfx socket_muzzle"
    }
  },
  "gravwell_velocity_multiplier": 6.0,
  "guard_layer": "WL_Orbital",
  "max_health": 350,
  "mesh_bounds": [
    17,
    17,
    7
  ],
  "model": [
    {
      "animtree": "/pa/anim/anim_trees/orbital_railgun_anim_tree.json",
      "filename": "/pa/units/orbital/orbital_railgun/orbital_railgun.papa"
    }
  ],
  "navigation": {
    "acceleration": 10,
    "bank_factor": 1,
    "brake": 10,
    "circle_max_time": 4,
    "circle_min_time": 2,
    "hover_time": -1.0,
    "move_speed": 30,
    "turn_in_place": true,
    "turn_speed": 30,
    "type": "orbital"
  },
  "physics": {
    "gravity_scalar": 0.001,
    "push_class": 15,
    "radius": 5
  },
  "recon": {
    "observer": {
      "items": [
        {
          "channel": "sight",
          "layer": "orbital",
          "radius": 650,
          "shape": "sphere"
        }
      ]
    }
  },
  "selection_icon": {
    "diameter": 24.0
  },
  "spawn_layers": "WL_Orbital",
  "tools": [
    {
      "aim_bone": "bone_root",
      "muzzle_bone": "socket_muzzle",
      "spec_id": "/pa/units/orbital/orbital_railgun/orbital_railgun_tool_weapon.json"
    }
  ],
  "unit_types": [
    "UNITTYPE_Mobile",
    "UNITTYPE_Offense",
    "UNITTYPE_Orbital",
    "UNITTYPE_Fighter",
    "UNITTYPE_Advanced",
    "UNITTYPE_FactoryBuild"
  ],
  "wreckage_health_frac": 0.0
}