{
  "TEMP_texelinfo": 4.07719,
  "attachable": {
    "offsets": {
      "head": [
        0,
        0,
        3.5
      ],
      "root": [
        0,
        0,
        0
      ]
    }
  },
  "audio": {
    "loops": {
      "move": {
        "cue": "/SE/Movement/bot/T2_artillery_loop",
        "flag": "vel_changed",
        "should_start_func": "is_moving",
        "should_stop_func": "is_not_moving"
      }
    },
    "selection_response": {
      "cue": "/SE/Selection/bot/grenadier"
    }
  },
  "base_spec": "/pa/units/land/base_bot/base_bot.json",
  "build_metal_cost": 200,
  "description": "Artillery - Lobs shots over wreckage, but does low damage. Amphibious.",
  "display_name": "Smasher",
  "events": {
    "build_complete": {
      "audio_cue": "/SE/Build_Complete/bot"
    },
    "fired": {
      "audio_cue": "/SE/Weapons/bot/assault_fire",
      "effect_spec": "/pa/effects/specs/default_small_muzzle_flash.pfx socket_rightMuzzle /pa/effects/specs/default_small_muzzle_flash.pfx socket_leftMuzzle"
    }
  },
  "guard_layer": "WL_AnySurface",
  "max_health": 210,
  "mesh_bounds": [
    4,
    2,
    4
  ],
  "model": {
    "animations": {
      "aim_down": "/pa/units/land/bot_artillery/bot_artillery_anim_aimDown.papa",
      "aim_up": "/pa/units/land/bot_artillery/bot_artillery_anim_aimUp.papa",
      "death01": "/pa/units/land/bot_artillery/bot_artillery_anim_death01.papa",
      "walk": "/pa/units/land/bot_artillery/bot_artillery_anim_run.papa"
    },
    "animtree": "/pa/anim/anim_trees/bipedal_mech_anim_tree.json",
    "filename": "/pa/units/land/bot_artillery/bot_artillery.papa",
    "walk_speed": 10
  },
  "navigation": {
    "acceleration": 250,
    "brake": -1,
    "move_speed": 9,
    "turn_speed": 720,
    "type": "amphibious"
  },
  "physics": {
    "radius": 2.0
  },
  "recon": {
    "observer": {
      "items": [
        {
          "channel": "sight",
          "layer": "surface_and_air",
          "radius": 100,
          "shape": "capsule"
        },
        {
          "channel": "sight",
          "layer": "underwater",
          "radius": 65,
          "shape": "capsule"
        }
      ]
    }
  },
  "selection_icon": {
    "diameter": 8.0
  },
  "tools": [
    {
      "aim_bone": "bone_leftRecoil",
      "muzzle_bone": "socket_leftMuzzle",
      "spec_id": "/pa/units/land/bot_mortar/bot_mortar_tool_weapon.json"
    },
    {
      "aim_bone": "bone_rightRecoil",
      "muzzle_bone": "socket_rightMuzzle",
      "spec_id": "/pa/units/land/bot_mortar/bot_mortar_tool_weapon.json"
    },
    {
      "aim_bone": "bone_rightRecoil",
      "muzzle_bone": [
        "socket_rightMuzzle"
      ],
      "spec_id": "/pa/units/land/bot_mortar/bot_mortar_torpedo_tool_weapon.json"
    },
    {
      "aim_bone": "bone_leftRecoil",
      "muzzle_bone": [
        "socket_leftMuzzle"
      ],
      "spec_id": "/pa/units/land/bot_mortar/bot_mortar_torpedo_tool_weapon.json"
    }
  ],
  "transportable": {
    "size": 1
  },
  "unit_types": [
    "UNITTYPE_Bot",
    "UNITTYPE_Mobile",
    "UNITTYPE_Offense",
    "UNITTYPE_Artillery",
    "UNITTYPE_Land",
    "UNITTYPE_Basic",
    "UNITTYPE_FactoryBuild",
    "UNITTYPE_Custom3"
  ]
}