{
  "ammo_id": "/pa/units/sea/attack_sub/attack_sub_ammo.json",
  "auto_attack": true,
  "base_spec": "/pa/tools/base_torpedo_turret/base_torpedo_turret.json",
  "exclude_unit_types": "Hover",
  "firing_arc_pitch": 180,
  "firing_arc_yaw": 180,
  "max_range": 160,
  "pitch_range": 30,
  "pitch_rate": 180,
  "rate_of_fire": 0.4,
  "spawn_layers": "WL_Underwater",
  "spread_fire": true,
  "target_layers": [
    "WL_WaterSurface",
    "WL_Underwater",
    "WL_Seafloor"
  ],
  "yaw_range": 30,
  "yaw_rate": 180
}