{
  "ammo_capacity": 30,
  "ammo_demand": 2.5,
  "ammo_id": "/pa/units/land/tank_laser_adv/tank_laser_adv_ammo.json",
  "ammo_per_shot": 10,
  "ammo_source": "energy",
  "auto_attack": true,
  "base_spec": "/pa/tools/base_laser_turret/base_laser_turret.json",
  "carpet_fire": true,
  "carpet_wait_for_full_ammo": true,
  "idle_aim_delay": 3,
  "max_range": 95,
  "pitch_range": 90,
  "pitch_rate": 20,
  "rate_of_fire": 1.25,
  "spread_fire": true,
  "target_layers": [
    "WL_Air",
    "WL_LandHorizontal",
    "WL_Seafloor",
    "WL_WaterSurface"
  ],
  "yaw_range": 80,
  "yaw_rate": 50
}