{
  "ammo_id": "/pa/units/land/tank_heavy_artillery/tank_heavy_artillery_ammo.json",
  "arc_type": "ARC_High",
  "auto_attack": true,
  "base_spec": "/pa/tools/base_artillery_turret_unit/base_artillery_turret_unit.json",
  "firing_arc_pitch": 30,
  "firing_arc_yaw": 30,
  "firing_standard_deviation": 1,
  "max_firing_velocity": 10000,
  "max_range": 165,
  "min_firing_velocity": 10,
  "pitch_range": 80,
  "pitch_rate": 60,
  "rate_of_fire": 0.3,
  "spread_fire": true,
  "target_layers": [
    "WL_LandHorizontal",
    "WL_Seafloor",
    "WL_WaterSurface"
  ],
  "yaw_range": 180,
  "yaw_rate": 60
}