{
  "TEMP_texelinfo": 2.37699,
  "area_build_separation": 1.0,
  "area_build_type": "Sphere",
  "build_metal_cost": 20,
  "description": "Mine - Detonates when enemy units are in proximity.",
  "display_name": "Mine",
  "events": {
    "build_complete": {
      "audio_cue": "/SE/Build_Complete/barrier"
    },
    "died": {
      "audio_cue": "/SE/Death/barrier",
      "effect_spec": "/pa/units/land/bot_bomb/bot_bomb_ammo_explosion.pfx"
    }
  },
  "max_health": 5,
  "mesh_bounds": [
    4.0,
    4.0,
    1.0
  ],
  "model": [
    {
      "filename": "/pa/units/land/land_mine/land_mine.papa",
      "layer": "WL_LandHorizontal"
    },
    {
      "filename": "/pa/units/sea/sea_mine/sea_mine.papa",
      "layer": "WL_WaterSurface"
    }
  ],
  "physics": {
    "allow_pushing": false,
    "allow_underground": false,
    "collide_with_types": [
      "Projectile"
    ],
    "collision_layers": "WL_AnyHorizontalGroundOrWaterSurface",
    "push_sideways": false,
    "radius": 1,
    "shape": "Box",
    "type": "Structure"
  },
  "recon": {
    "observable": {
      "layer": "mine"
    },
    "observer": {
      "items": [
        {
          "channel": "radar",
          "layer": "surface_and_air",
          "radius": 2,
          "shape": "sphere"
        },
        {
          "channel": "radar",
          "layer": "underwater",
          "radius": 2,
          "shape": "sphere"
        }
      ]
    }
  },
  "selection_icon": {
    "diameter": 5.0
  },
  "spawn_layers": "WL_AnyHorizontalGroundOrWaterSurface",
  "strategic_icon_priority": 3,
  "tools": [
    {
      "aim_bone": "bone_root",
      "muzzle_bone": "bone_root",
      "spec_id": "/pa/units/land/land_mine/land_mine_tool_weapon.json"
    }
  ],
  "unit_types": [
    "UNITTYPE_Basic",
    "UNITTYPE_Land",
    "UNITTYPE_Defense",
    "UNITTYPE_CombatFabBuild",
    "UNITTYPE_CombatFabAdvBuild"
  ],
  "wreckage_health_frac": 0.0
}