{
  "ammo_capacity": 300,
  "ammo_demand": 45,
  "ammo_id": "/pa/units/sea/drone_carrier/carrier/carrier_ammo.json",
  "ammo_per_shot": 45,
  "ammo_source": "metal",
  "auto_attack": true,
  "base_spec": "/pa/tools/base_missile_tactical_turret/base_missile_tactical_turret.json",
  "carpet_fire": true,
  "carpet_wait_for_full_ammo": true,
  "firing_arc_pitch": 180,
  "firing_arc_yaw": 180,
  "max_range": 250,
  "pitch_range": 0,
  "pitch_rate": 180,
  "rate_of_fire": 3.0,
  "spread_fire": true,
  "target_layers": [
    "WL_LandHorizontal",
    "WL_WaterSurface",
    "WL_Air"
  ],
  "yaw_range": 0,
  "yaw_rate": 180
}