{
  "TEMP_texelinfo": 30.5603,
  "audio": {
    "loops": {
      "move": {
        "cue": "/SE/Movement/sea/T2_missile_ship_loop",
        "flag": "vel_changed",
        "should_start_func": "is_moving",
        "should_stop_func": "is_not_moving"
      }
    },
    "selection_response": {
      "cue": "/SE/Selection/sea/sea_large"
    }
  },
  "base_spec": "/pa/units/sea/base_ship/base_ship.json",
  "build_metal_cost": 3600,
  "command_caps": [
    "ORDER_Move",
    "ORDER_Patrol",
    "ORDER_Attack",
    "ORDER_Assist",
    "ORDER_Use",
    "ORDER_FireSecondaryWeapon"
  ],
  "description": "Drone Carrier - Builds and launches missile drones at enemies. Attacks land, air and sea targets.",
  "display_name": "Typhoon",
  "events": {
    "build_complete": {
      "audio_cue": "/SE/Build_Complete/sea"
    },
    "died": {
      "audio_cue": "/SE/Death/Sea",
      "effect_scale": 1.25,
      "effect_spec": "/pa/effects/specs/default_explosion_naval_t2.pfx"
    },
    "fired": {
      "audio_cue": "/SE/Weapons/sea/drone_carrier_fire",
      "effect_spec": "/pa/units/sea/drone_carrier/carrier/carrier_drone_launch.pfx bone_root"
    }
  },
  "fx_offsets": [
    {
      "filename": "/pa/units/sea/drone_carrier/carrier/carrier_wake.pfx",
      "type": "moving_forward"
    }
  ],
  "guard_layer": "WL_AnySurface",
  "headlights": [
    {
      "bone": "bone_root",
      "color": [
        1.0,
        1.0,
        1.0
      ],
      "far_distance": 35.0,
      "gobo": "/pa/effects/textures/gobo/spotlight_gobo.papa",
      "intensity": 3.0,
      "near_distance": 8.0,
      "near_height": 6.5,
      "near_width": 6.5,
      "offset": [
        -2.539,
        7.565,
        11.364
      ],
      "orientation": [
        0.0,
        60.0,
        0.0
      ],
      "shadow_resolution": 128
    }
  ],
  "lamps": [
    {
      "bone": "bone_root",
      "color": [
        1.0,
        1.0,
        1.0
      ],
      "intensity": 3.0,
      "offset": [
        -2.539,
        6.565,
        11.364
      ],
      "radius": 2.5
    },
    {
      "bone": "bone_root",
      "color": [
        1.0,
        1.0,
        1.0
      ],
      "intensity": 1.0,
      "offset": [
        -3.873,
        2.0,
        4.5
      ],
      "radius": 1.0
    },
    {
      "bone": "bone_root",
      "color": [
        1.0,
        1.0,
        1.0
      ],
      "intensity": 1.0,
      "offset": [
        -3.873,
        -3.0,
        4.5
      ],
      "radius": 1.0
    },
    {
      "bone": "bone_root",
      "color": [
        1.0,
        1.0,
        1.0
      ],
      "intensity": 1.0,
      "offset": [
        -3.873,
        -8.0,
        4.5
      ],
      "radius": 1.0
    },
    {
      "bone": "bone_root",
      "color": [
        1.0,
        1.0,
        1.0
      ],
      "intensity": 1.0,
      "offset": [
        -3.873,
        -13.0,
        4.5
      ],
      "radius": 1.0
    },
    {
      "bone": "bone_root",
      "color": [
        1.0,
        1.0,
        1.0
      ],
      "intensity": 1.0,
      "offset": [
        -3.873,
        -18.0,
        4.5
      ],
      "radius": 1.0
    },
    {
      "bone": "bone_root",
      "color": [
        1.0,
        1.0,
        1.0
      ],
      "intensity": 1.0,
      "offset": [
        2.621,
        -3.0,
        4.5
      ],
      "radius": 1.0
    },
    {
      "bone": "bone_root",
      "color": [
        1.0,
        1.0,
        1.0
      ],
      "intensity": 1.0,
      "offset": [
        2.621,
        -8.0,
        4.5
      ],
      "radius": 1.0
    },
    {
      "bone": "bone_root",
      "color": [
        1.0,
        1.0,
        1.0
      ],
      "intensity": 1.0,
      "offset": [
        2.621,
        -13.0,
        4.5
      ],
      "radius": 1.0
    },
    {
      "bone": "bone_root",
      "color": [
        1.0,
        1.0,
        1.0
      ],
      "intensity": 1.0,
      "offset": [
        2.621,
        -18.0,
        4.5
      ],
      "radius": 1.0
    },
    {
      "bone": "bone_root",
      "color": [
        1.0,
        1.0,
        1.0
      ],
      "intensity": 1.0,
      "offset": [
        2.621,
        -23.0,
        4.5
      ],
      "radius": 1.0
    },
    {
      "bone": "bone_root",
      "color": [
        1.0,
        0.0,
        0.0
      ],
      "intensity": 1.0,
      "offset": [
        -3.025,
        12.0,
        11.305
      ],
      "radius": 2.5
    }
  ],
  "max_health": 3400,
  "mesh_bounds": [
    7,
    32,
    7
  ],
  "model": {
    "filename": "/pa/units/sea/drone_carrier/carrier/carrier.papa"
  },
  "navigation": {
    "acceleration": 2,
    "brake": 2,
    "move_speed": 20,
    "turn_accel": 15,
    "turn_speed": 45,
    "type": "deepwater"
  },
  "nearby_target_tick_update_interval": 5,
  "physics": {
    "push_class": 2,
    "radius": 3,
    "shape": "sphere"
  },
  "recon": {
    "observer": {
      "items": [
        {
          "channel": "sight",
          "layer": "surface_and_air",
          "radius": 200,
          "shape": "capsule"
        }
      ]
    }
  },
  "selection_icon": {
    "diameter": 64.0
  },
  "spawn_layers": "WL_WaterSurface",
  "tools": [
    {
      "aim_bone": "socket_muzzle",
      "fire_event": "fired",
      "muzzle_bone": [
        "socket_muzzle"
      ],
      "record_index": 0,
      "secondary_weapon": true,
      "spec_id": "/pa/units/sea/drone_carrier/carrier/carrier_tool_weapon.json"
    }
  ],
  "unit_types": [
    "UNITTYPE_Naval",
    "UNITTYPE_Mobile",
    "UNITTYPE_Offense",
    "UNITTYPE_Advanced",
    "UNITTYPE_FactoryBuild"
  ]
}