{
  "base_spec": "/pa/ammo/base_ammo/base_ammo.json",
  "damage": 0,
  "events": {
    "died": {
      "audio_cue": "/SE/Impacts/laser_blast",
      "effect_specs": "/pa/effects/specs/default_proj_explosion.pfx"
    }
  },
  "flight_type": "Direct",
  "fx_trail": {
    "filename": "/pa/effects/specs/laser_blast_proj_trail.pfx"
  },
  "initial_velocity": 110.0,
  "lifetime": 7,
  "max_velocity": 110.0,
  "model": {
    "filename": ""
  },
  "physics": {
    "add_to_spatial_db": false,
    "gravity_scalar": 1,
    "ignore_gravity": true,
    "radius": 1
  },
  "spawn_layers": "WL_Air",
  "splash_damage": 0,
  "splash_radius": 1
}