{
  "blend_root": {
    "type": "bind_pose"
  },
  "skeleton_controls": [
    {
      "rotation_axis": "z",
      "rotation_bone": "bone_turret01",
      "type": "procedural_aim",
      "weapon_index": 1
    },
    {
      "rotation_axis": "x",
      "rotation_bone": "bone_pitch01",
      "type": "procedural_aim",
      "weapon_index": 1
    },
    {
      "rotation_axis": "z",
      "rotation_bone": "bone_turret02",
      "type": "procedural_aim",
      "weapon_index": 2
    },
    {
      "rotation_axis": "x",
      "rotation_bone": "bone_pitch02",
      "type": "procedural_aim",
      "weapon_index": 2
    },
    {
      "rotation_axis": "z",
      "rotation_bone": "bone_turret03",
      "type": "procedural_aim",
      "weapon_index": 3
    },
    {
      "bone": "bone_recoilBottomRight",
      "recoil_dist": 2,
      "restore_time": 0.7,
      "type": "recoil",
      "unit_event": "fired1",
      "weapon_index": 1
    },
    {
      "bone": "bone_recoilBottomLeft",
      "recoil_dist": 2,
      "restore_time": 0.7,
      "type": "recoil",
      "unit_event": "fired1",
      "weapon_index": 1
    },
    {
      "bone": "bone_recoilMiddle",
      "recoil_dist": 3.5,
      "restore_time": 2,
      "type": "recoil",
      "unit_event": "fired2",
      "weapon_index": 2
    }
  ]
}
