{
  "TEMP_texelinfo": 47.2606,
  "audio": {
    "loops": {
      "move": {
        "cue": "/SE/Movement/sea/T2_battleship_loop",
        "flag": "vel_changed",
        "should_start_func": "is_moving",
        "should_stop_func": "is_not_moving"
      }
    },
    "selection_response": {
      "cue": "/SE/Selection/sea/sea_large"
    }
  },
  "base_spec": "/pa/units/sea/base_ship/base_ship.json",
  "build_metal_cost": 3000,
  "description": "Battlecruiser - Long range advanced anti-ship, and anti-land cannon and anti-everything heavy laser.",
  "display_name": "Leviathan",
  "events": {
    "build_complete": {
      "audio_cue": "/SE/Build_Complete/sea"
    },
    "died": {
      "audio_cue": "/SE/Death/Sea_large",
      "effect_scale": 1.0,
      "effect_spec": "/pa/effects/specs/default_explosion_naval_t2.pfx"
    },
    "fired0": {
      "audio_cue": "/SE/Weapons/sea/T2_battleship_fire",
      "effect_scale": 5.0,
      "effect_spec": "/pa/effects/specs/tank_muzzle_flash.pfx muzzleA02 /pa/effects/specs/tank_muzzle_flash.pfx muzzleB02"
    },
    "fired1": {
      "audio_cue": "/SE/Weapons/sea/T2_battleship_fire",
      "effect_scale": 5.0,
      "effect_spec": "/pa/effects/specs/tank_muzzle_flash.pfx muzzleA03 /pa/effects/specs/tank_muzzle_flash.pfx muzzleB03"
    },
    "fired2": {
      "audio_cue": "/SE/Weapons/structure/laser_defense_double_fire",
      "effect_spec": "/pa/effects/specs/default_muzzle_flash.pfx muzzle01"
    }
  },
  "fx_offsets": [
    {
      "filename": "/pa/units/sea/battleship/battleship_wake.pfx",
      "type": "moving_forward"
    }
  ],
  "guard_layer": "WL_LandHorizontal",
  "max_health": 3500,
  "mesh_bounds": [
    9,
    40,
    12
  ],
  "model": {
    "animations": {
      "fire": "/pa/units/sea/battlecruiser/nassault23a_anim_fire.papa"
    },
    "animtree": "/pa/units/sea/battlecruiser/nassault23a_anim_tree.json",
    "filename": "/pa/units/sea/battlecruiser/nassault23a.papa"
  },
  "navigation": {
    "acceleration": 2,
    "brake": 2,
    "move_speed": 18,
    "park_stamp_cost": 30,
    "park_stamp_type": "box",
    "turn_accel": 15,
    "turn_speed": 15,
    "type": "deepwater"
  },
  "nearby_target_tick_update_interval": 15,
  "physics": {
    "radius": 6,
    "shape": "sphere"
  },
  "recon": {
    "observer": {
      "items": [
        {
          "channel": "sight",
          "layer": "surface_and_air",
          "radius": 200,
          "shape": "capsule"
        }
      ]
    }
  },
  "selection_icon": {
    "diameter": 56.0
  },
  "spawn_layers": "WL_WaterSurface",
  "tools": [
    {
      "aim_bone": "pitchA02",
      "fire_event": "fired0",
      "muzzle_bone": [
        "muzzleA02",
        "muzzleB02"
      ],
      "projectiles_per_fire": 2,
      "record_index": 0,
      "spec_id": "/pa/units/sea/battlecruiser/battlecruiser_tool_weapon.json"
    },
    {
      "aim_bone": "pitchA03",
      "fire_event": "fired1",
      "muzzle_bone": [
        "muzzleA03",
        "muzzleB03"
      ],
      "projectiles_per_fire": 2,
      "record_index": 1,
      "spec_id": "/pa/units/sea/battlecruiser/battlecruiser_tool_weapon.json"
    },
    {
      "aim_bone": "pitch01",
      "fire_event": "fired2",
      "muzzle_bone": [
        "muzzle01"
      ],
      "record_index": 2,
      "spec_id": "/pa/units/sea/battlecruiser/battlecruiser_laser_tool_weapon.json"
    }
  ],
  "unit_types": [
    "UNITTYPE_Naval",
    "UNITTYPE_Mobile",
    "UNITTYPE_Offense",
    "UNITTYPE_Artillery",
    "UNITTYPE_Advanced",
    "UNITTYPE_FactoryBuild"
  ]
}
