{
  "audio_loop": "/SE/Movement/missile/artillery_short_missile_fly_loop",
  "base_spec": "/pa/ammo/base_artillery/base_artillery.json",
  "cruise_height": 300,
  "damage": 0,
  "events": {
    "died": {
      "audio_cue": "/SE/Impacts/unit_cannon_unit_impact",
      "effect_scale": 0.5,
      "effect_spec": "/pa/units/air/unit_shell/unit_shell_deploy.pfx"
    }
  },
  "flight_type": "Staged",
  "full_damage_splash_radius": 0,
  "ground_target_area_spread": 30,
  "influence_radius": 400,
  "initial_velocity": 150.0,
  "lifetime": 30,
  "model": {
    "filename": "/pa/units/air/unit_shell_small/unit_shell_small.papa"
  },
  "physics": {
    "add_to_spatial_db": true,
    "allow_underground": true,
    "gravity_scalar": 3,
    "ignore_gravity": true,
    "radius": 10
  },
  "spawn_unit_on_death": "/pa/units/land/bot_bomb/bot_bomb.json",
  "splash_damage": 0,
  "splash_damages_allies": false,
  "splash_radius": 0,
  "stages": [
    {
      "ignores_LOS": true,
      "ignores_gravity": true,
      "rotates_to_velocity": true,
      "stage_change_height": 300,
      "stage_duration": 0,
      "stage_turn_rate": 0
    },
    {
      "ignores_LOS": true,
      "ignores_gravity": true,
      "rotates_to_velocity": true,
      "stage_change_range": 150,
      "stage_duration": 0,
      "stage_turn_rate": 90
    },
    {
      "ignores_LOS": false,
      "ignores_gravity": false,
      "release_payload_on_impact": true,
      "rotates_to_velocity": true,
      "stage_turn_rate": 90
    }
  ]
}