{
  "TEMP_texelinfo": 15.3609,
  "area_build_separation": 18,
  "atrophy_cool_down": 15,
  "atrophy_rate": 15,
  "base_spec": "/pa/units/land/base_structure/base_structure.json",
  "build_metal_cost": 4000,
  "command_caps": [
    "ORDER_Attack"
  ],
  "description": "Ultra-Heavy Defense - Equipped with multiple laser weapons to deal with any enemy threat.",
  "display_name": "Apocalypse Apparatus",
  "events": {
    "build_complete": {
      "audio_cue": "/SE/Build_Complete/structure_small"
    },
    "died": {
      "audio_cue": "/SE/Death/structure_small",
      "effect_scale": 0.8
    },
    "fired1": {
      "audio_cue": "/SE/Weapons/structure/laser_defense_double_fire"
    },
    "fired2": {
      "audio_cue": "/SE/Weapons/structure/laser_defense_single_fire",
      "effect_spec": "/pa/effects/specs/default_muzzle_flash.pfx socket_muzzleMiddle"
    },
    "fired3": {
      "audio_cue": "/SE/Weapons/orb/orb_ssx_laser_fire",
      "effect_scale": 1.5,
      "effect_spec": "/pa/effects/specs/default_muzzle_flash.pfx socket_muzzleTop"
    }
  },
  "fx_offsets": [
    {
      "bone": "socket_muzzleTop",
      "filename": "/pa/units/land/apocalypse_apparatus/top_electricity_puff.pfx",
      "offset": [
        0,
        0,
        0
      ],
      "orientation": [
        0,
        0,
        0
      ],
      "type": "energy"
    }
  ],
  "guard_layer": "WL_AnySurface",
  "max_health": 4000,
  "mesh_bounds": [
    28.532,
    23.565,
    29.315
  ],
  "model": [
    {
      "animtree": "/pa/anim/anim_trees/apocalypse_apparatus_anim_tree.json",
      "filename": "/pa/units/land/apocalypse_apparatus/apocalypse_apparatus.papa",
      "skirt_decal": "/pa/effects/specs/skirt_defense_adv.json"
    }
  ],
  "recon": {
    "observer": {
      "items": [
        {
          "channel": "sight",
          "layer": "surface_and_air",
          "radius": 120,
          "shape": "capsule"
        }
      ]
    }
  },
  "selection_icon": {
    "diameter": 45
  },
  "spawn_layers": "WL_AnyHorizontalGroundOrWaterSurface",
  "tools": [
    {
      "aim_bone": "bone_pitch01",
      "fire_event": "fired1",
      "muzzle_bone": [
        "socket_muzzleBottomRight",
        "socket_muzzleBottomLeft"
      ],
      "record_index": 1,
      "spec_id": "/pa/units/land/apocalypse_apparatus/apocalypse_apparatus_tool_weapon_bottom.json"
    },
    {
      "aim_bone": "bone_pitch02",
      "fire_event": "fired2",
      "muzzle_bone": [
        "socket_muzzleMiddle"
      ],
      "record_index": 2,
      "spec_id": "/pa/units/land/apocalypse_apparatus/apocalypse_apparatus_tool_weapon_middle.json"
    },
    {
      "aim_bone": "bone_turret03",
      "fire_event": "fired3",
      "muzzle_bone": [
        "socket_muzzleTop"
      ],
      "record_index": 3,
      "spec_id": "/pa/units/land/apocalypse_apparatus/apocalypse_apparatus_tool_weapon_top.json"
    }
  ],
  "unit_types": [
    "UNITTYPE_Structure",
    "UNITTYPE_Advanced",
    "UNITTYPE_Land",
    "UNITTYPE_SurfaceDefense",
    "UNITTYPE_Defense",
    "UNITTYPE_FabAdvBuild",
    "UNITTYPE_CombatFabAdvBuild"
  ]
}