{
  "base_spec": "/pa/ammo/base_shell/base_shell.json",
  "damage": 80,
  "events": {
    "died": {
      "audio_cue": "/SE/Death/Bot",
      "effect_scale": 1.0,
      "effect_spec": "/pa/effects/specs/default_explosion_bot.pfx"
    }
  },
  "fx_trail": {
    "filename": "/pa/effects/specs/tank_light_proj.pfx",
    "offset": [
      0.0,
      0.0,
      0.0
    ]
  },
  "initial_velocity": 250.0,
  "lifetime": 2,
  "max_velocity": 250.0,
  "model": {
    "filename": ""
  },
  "splash_damage": 80,
  "splash_radius": 7.5
}