{
  "ammo_capacity": 11,
  "ammo_demand": 0,
  "ammo_id": "/pa/units/land/bot_aa_adv/bot_aa_adv_ammo.json",
  "ammo_per_shot": 2,
  "ammo_source": "time",
  "auto_attack": true,
  "base_spec": "/pa/tools/base_missile_turret/base_missile_turret.json",
  "carpet_fire": true,
  "carpet_wait_for_full_ammo": true,
  "max_range": 180,
  "pitch_range": 85,
  "pitch_rate": 360,
  "rate_of_fire": 1.5,
  "spread_fire": true,
  "target_layers": [
    "WL_Air"
  ],
  "yaw_range": 180,
  "yaw_rate": 360
}