{
  "ammo_type": "AMMO_Projectile",
  "armor_damage_map": {
    "AT_Bot": 0.0,
    "AT_Commander": 0.0,
    "AT_Hover": 0.0,
    "AT_Naval": 0.0,
    "AT_Orbital": 0.0,
    "AT_Structure": 0.0,
    "AT_Vehicle": 0.0
  },
  "cruise_height": 80,
  "damage": 0,
  "flight_type": "Staged",
  "full_damage_splash_radius": 0,
  "fx_trail": {
    "filename": "/pa/units/sea/drone_carrier/carrier/carrier_ammo_trail.pfx",
    "offset": [
      0.0,
      0.727,
      0.42
    ]
  },
  "initial_velocity": 110.0,
  "lifetime": 5.0,
  "max_velocity": 110.0,
  "model": {
    "filename": "/pa/units/sea/drone_carrier/drone/drone.papa"
  },
  "physics": {
    "allow_underground": true,
    "gravity_scalar": 5,
    "ignore_gravity": true,
    "radius": 1
  },
  "recon": {
    "observable": {
      "ignore_radar": true
    }
  },
  "spawn_layers": "WL_Air",
  "spawn_unit_on_death": "/pa/units/sea/drone_carrier/drone/drone.json",
  "spawn_unit_on_death_with_velocity": true,
  "splash_damage": 0,
  "splash_radius": 0,
  "stages": [
    {
      "ignores_LOS": true,
      "ignores_gravity": true,
      "rotates_to_velocity": true,
      "stage_duration": 500,
      "stage_turn_rate": 0
    },
    {
      "apply_thrust": true,
      "ignores_LOS": true,
      "ignores_gravity": true,
      "rotates_to_velocity": true,
      "stage_change_height": 25,
      "stage_change_range": 50,
      "stage_turn_rate": 270
    },
    {
      "die_here": true
    }
  ],
  "turn_rate": 720.0
}