{
  "TEMP_texelinfo": 10.4837,
  "attachable": {
    "offsets": {
      "root": [
        0,
        0,
        0
      ]
    }
  },
  "audio": {
    "loops": {
      "build": {
        "cue": "/SE/Construction/Fab_contruction_beam_loop",
        "flag": "build_target_changed",
        "should_start_func": "has_build_target",
        "should_stop_func": "no_build_target"
      },
      "move": {
        "cue": "/SE/Movement/air/fab_air_loop_T2",
        "flag": "vel_changed",
        "should_start_func": "is_moving_laterally",
        "should_stop_func": "is_not_moving"
      }
    },
    "selection_response": {
      "cue": "/SE/Selection/air/fabber_T2"
    }
  },
  "base_spec": "/pa/units/air/base_flyer/base_flyer.json",
  "build_metal_cost": 800,
  "command_caps": [
    "ORDER_Move",
    "ORDER_Patrol",
    "ORDER_Assist",
    "ORDER_Repair",
    "ORDER_Assist"
  ],
  "description": "Support Platform - Repairs nearby units. Intercepts homing missiles. Does not attack.",
  "display_name": "Angel",
  "events": {
    "build_complete": {
      "audio_cue": "/SE/Build_Complete/fab"
    },
    "died": {
      "audio_cue": "/SE/Death/Air",
      "effect_scale": 0.75,
      "effect_spec": "/pa/units/air/base_flyer/base_flyer_death_t2.pfx"
    },
    "fired0": {
      "audio_cue": "/SE/Weapons/bot/sniper_fire_anti_tac",
      "effect_spec": "/pa/units/land/bot_sniper/bot_sniper_beam_flash.pfx socket_muzzle02"
    }
  },
  "fx_offsets": [
    {
      "bone": "bone_engine01",
      "filename": "/pa/units/air/fabrication_aircraft_adv/fabrication_aircraft_adv_jets.pfx",
      "offset": [
        0.776,
        0,
        -1.356
      ],
      "orientation": [
        0,
        90,
        0
      ],
      "type": "idle"
    },
    {
      "bone": "bone_engine02",
      "filename": "/pa/units/air/fabrication_aircraft_adv/fabrication_aircraft_adv_jets.pfx",
      "offset": [
        0.776,
        0,
        -1.356
      ],
      "orientation": [
        0,
        90,
        0
      ],
      "type": "idle"
    },
    {
      "bone": "bone_engine03",
      "filename": "/pa/units/air/fabrication_aircraft_adv/fabrication_aircraft_adv_jets.pfx",
      "offset": [
        0.776,
        0,
        -1.356
      ],
      "orientation": [
        0,
        90,
        0
      ],
      "type": "idle"
    },
    {
      "bone": "bone_engine04",
      "filename": "/pa/units/air/fabrication_aircraft_adv/fabrication_aircraft_adv_jets.pfx",
      "offset": [
        0.776,
        0,
        -1.356
      ],
      "orientation": [
        0,
        90,
        0
      ],
      "type": "idle"
    },
    {
      "bone": "socket_muzzle01",
      "filename": "/pa/effects/specs/fab_combat_spray.pfx",
      "offset": [
        0,
        0,
        0
      ],
      "orientation": [
        0,
        0,
        0
      ],
      "type": "build"
    }
  ],
  "max_health": 750,
  "mesh_bounds": [
    5,
    5,
    3
  ],
  "model": {
    "animations": {
      "fly": "/pa/units/air/support_platform/support_platform_anim_fly.papa",
      "idle": "/pa/units/air/support_platform/support_platform_anim_idle.papa"
    },
    "animtree": "/pa/anim/anim_trees/support_platform_anim_tree.json",
    "filename": "/pa/units/air/support_platform/support_platform.papa"
  },
  "navigation": {
    "acceleration": 30,
    "brake": 20,
    "hover_time": -1.0,
    "move_speed": 30,
    "turn_speed": 180,
    "type": "air",
    "vertical_speed": 100
  },
  "physics": {
    "gravity_scalar": 0.001,
    "push_class": 15,
    "radius": 5
  },
  "recon": {
    "observer": {
      "items": [
        {
          "channel": "sight",
          "layer": "surface_and_air",
          "radius": 200,
          "shape": "capsule"
        }
      ]
    }
  },
  "selection_icon": {
    "diameter": 20.0
  },
  "tools": [
    {
      "aim_bone": "bone_pitch",
      "record_index": 0,
      "spec_id": "/pa/units/air/support_platform/support_platform_build_arm.json"
    },
    {
      "aim_bone": "socket_muzzle02",
      "fire_event": "fired0",
      "record_index": 1,
      "spec_id": "/pa/units/air/support_platform/support_platform_tool_interception.json"
    }
  ],
  "unit_types": [
    "UNITTYPE_Air",
    "UNITTYPE_Mobile",
    "UNITTYPE_MissileDefense",
    "UNITTYPE_Advanced",
    "UNITTYPE_FactoryBuild"
  ]
}