{
  "TEMP_texelinfo": 10.6806,
  "attachable": {
    "offsets": {
      "root": [
        0,
        0,
        0
      ]
    }
  },
  "audio": {
    "selection_response": {
      "cue": "/SE/Selection/orbital/radar"
    }
  },
  "base_spec": "/pa/units/orbital/base_orbital/base_orbital.json",
  "build_metal_cost": 80,
  "command_caps": [
    "ORDER_Move",
    "ORDER_Patrol",
    "ORDER_Assist"
  ],
  "description": "Suicide Drone - Explodes into orbital units. Fast, small amount of vision.",
  "display_name": "Hermes",
  "events": {
    "build_complete": {
      "audio_cue": "/SE/Build_Complete/radar"
    },
    "died": {
      "audio_cue": "/SE/Death/radar"
    },
    "fired": {
      "audio_cue": "/SE/Weapons/air/bomber_fire"
    }
  },
  "fx_offsets": [
    {
      "bone": "bone_body",
      "filename": "/pa/units/orbital/orbital_probe/orbital_probe_on.pfx",
      "type": "energy"
    },
    {
      "bone": "bone_antenna01",
      "filename": "/pa/units/orbital/orbital_probe/orbital_probe_antenna_on.pfx",
      "type": "energy"
    },
    {
      "bone": "bone_antenna02",
      "filename": "/pa/units/orbital/orbital_probe/orbital_probe_antenna_on.pfx",
      "type": "energy"
    },
    {
      "bone": "bone_antenna03",
      "filename": "/pa/units/orbital/orbital_probe/orbital_probe_antenna_on.pfx",
      "type": "energy"
    },
    {
      "bone": "bone_body",
      "filename": "/pa/units/air/gunship/gunship_jets.pfx",
      "offset": [
        0,
        -5.87,
        0
      ],
      "orientation": [
        0,
        180,
        0
      ],
      "type": "moving"
    }
  ],
  "gravwell_velocity_multiplier": 9.0,
  "max_health": 80,
  "mesh_bounds": [
    20,
    20,
    15
  ],
  "model": {
    "animations": {
      "closed": "/pa/units/orbital/orbital_probe/orbital_probe_anim_closed.papa",
      "deploy": "/pa/units/orbital/orbital_probe/orbital_probe_anim_deploy.papa",
      "flying": "/pa/units/orbital/orbital_probe/orbital_probe_anim_flying.papa",
      "idle": "/pa/units/orbital/orbital_probe/orbital_probe_anim_idle.papa",
      "start": "/pa/units/orbital/orbital_probe/orbital_probe_anim_start.papa",
      "stop": "/pa/units/orbital/orbital_probe/orbital_probe_anim_stop.papa"
    },
    "animtree": "/pa/anim/anim_trees/orbital_probe_anim_tree.json",
    "filename": "/pa/units/orbital/orbital_probe/orbital_probe.papa"
  },
  "navigation": {
    "acceleration": 75,
    "brake": 75,
    "hover_time": -1.0,
    "move_speed": 75,
    "turn_speed": 75,
    "type": "orbital"
  },
  "physics": {
    "gravity_scalar": 0.001,
    "push_class": 50,
    "radius": 5
  },
  "recon": {
    "observer": {
      "items": [
        {
          "channel": "sight",
          "layer": "orbital",
          "radius": 200,
          "shape": "capsule",
          "uses_energy": true
        }
      ]
    }
  },
  "selection_icon": {
    "diameter": 25.0
  },
  "system_velocity_multiplier": 22.0,
  "tools": [
    {
      "aim_bone": "bone_root",
      "muzzle_bone": "bone_root",
      "spec_id": "/pa/units/orbital/orbital_probe/orbital_probe_tool_weapon.json"
    }
  ],
  "unit_types": [
    "UNITTYPE_Mobile",
    "UNITTYPE_Orbital",
    "UNITTYPE_Scout",
    "UNITTYPE_Basic",
    "UNITTYPE_Offense",
    "UNITTYPE_FactoryBuild",
    "UNITTYPE_SelfDestruct"
  ]
}