{
  "build_list": [
    {
      "build_conditions": [
        [
          {
            "test_type": "CanAffordBuildDemand"
          }
        ],
        [
          {
            "compare0": ">",
            "test_type": "CurrentMetalEfficiency",
            "value0": 1
          },
          {
            "compare0": ">",
            "test_type": "MetalStorageFrac",
            "value0": 0.2
          },
          {
            "compare0": ">=",
            "test_type": "CurrentEnergyEfficiency",
            "value0": 1
          }
        ]
      ],
      "builders": [
        "Commander",
        "AnyBasicFabber",
        "AnyAdvancedFabber",
        "SupportCommander"
      ],
      "instance_count": -1,
      "name": "Fabber Assist",
      "priority": 1,
      "task_type": "BuilderAssist"
    },
    {
      "build_conditions": [
        [
          {
            "test_type": "CanAffordBuildDemand"
          },
          {
            "boolean": true,
            "test_type": "ThisPlanetNeedsLandUnitAssistance"
          },
          {
            "boolean": true,
            "test_type": "OtherPlanetCanProvideLandUnitAssistance"
          },
          {
            "compare0": "<",
            "test_type": "UnitCountOnPlanet",
            "unit_type_string0": "Structure & Teleporter",
            "value0": 1
          }
        ],
        [
          {
            "test_type": "CanAffordBuildDemand"
          },
          {
            "boolean": true,
            "test_type": "OtherPlanetNeedsLandUnitAssistance"
          },
          {
            "compare0": "<",
            "string0": "Land",
            "string1": "Land",
            "test_type": "PlanetHighestEnemyArmyThreatRatio",
            "value0": 0.8
          },
          {
            "compare0": "<",
            "test_type": "UnitCountOnPlanet",
            "unit_type_string0": "Structure & Teleporter",
            "value0": 1
          }
        ],
        [
          {
            "test_type": "CanAffordBuildDemand"
          },
          {
            "boolean": true,
            "test_type": "WantCommanderOffPlanet"
          },
          {
            "boolean": true,
            "test_type": "PresenceOnOtherPlanet"
          },
          {
            "compare0": "<",
            "test_type": "UnitCountOnPlanet",
            "unit_type_string0": "Structure & Teleporter",
            "value0": 1
          }
        ]
      ],
      "builders": [
        "Commander",
        "AnyBasicFabber",
        "AnyAdvancedFabber",
        "SupportCommander"
      ],
      "instance_count": 1,
      "max_num_assisters": 5,
      "min_num_assisters": 3,
      "name": "Teleporter - Need Land",
      "placement_rules": {
        "buffer": 6,
        "placement_type": "FromBaseCenter",
        "threat": {
          "compare_type": "<",
          "influence_type": "AntiSurface",
          "radius": 10,
          "value": 50
        }
      },
      "priority": 615,
      "shared_instance_count": "Teleporter",
      "to_build": "Teleporter"
    },
    {
      "build_conditions": [
        [
          {
            "test_type": "CanAffordBuildDemand"
          },
          {
            "compare0": "<",
            "test_type": "UnitCountOnPlanet",
            "unit_type_string0": "Structure & Teleporter",
            "value0": 1
          },
          {
            "compare0": "<",
            "test_type": "UnitCountOnPlanet",
            "unit_type_string0": "Fabber - Air",
            "value0": 2
          },
          {
            "boolean": true,
            "test_type": "HaveSeenEnemyUnits",
            "unit_type_string0": "Mobile & Land"
          }
        ]
      ],
      "builders": [
        "Commander",
        "AnyBasicFabber",
        "AnyAdvancedFabber",
        "SupportCommander"
      ],
      "instance_count": 1,
      "max_num_assisters": 5,
      "min_num_assisters": 3,
      "name": "Teleporter - Need Fabber",
      "placement_rules": {
        "buffer": 6,
        "placement_type": "FromBaseCenter",
        "threat": {
          "compare_type": "<",
          "influence_type": "AntiSurface",
          "radius": 10,
          "value": 50
        }
      },
      "priority": 615,
      "shared_instance_count": "Teleporter",
      "to_build": "Teleporter"
    },
    {
      "build_conditions": [
        [
          {
            "test_type": "CanAffordBuildDemand"
          },
          {
            "boolean": true,
            "test_type": "PlanetWithoutFabberWithTeleporter"
          },
          {
            "compare0": "<",
            "test_type": "UnitCountOnPlanet",
            "unit_type_string0": "Structure & Teleporter",
            "value0": 1
          },
          {
            "compare0": ">=",
            "test_type": "UnitCountOnPlanet",
            "unit_type_string0": "Fabber - Air",
            "value0": 2
          }
        ]
      ],
      "builders": [
        "Commander",
        "AnyBasicFabber",
        "AnyAdvancedFabber",
        "SupportCommander",
        "OrbitalFabber"
      ],
      "instance_count": 1,
      "max_num_assisters": 5,
      "min_num_assisters": 1,
      "name": "Teleporter - Other Planet Needs Fabber",
      "placement_rules": {
        "buffer": 6,
        "placement_type": "FromBaseCenter",
        "threat": {
          "compare_type": "<",
          "influence_type": "AntiSurface",
          "radius": 10,
          "value": 50
        }
      },
      "priority": 606,
      "shared_instance_count": "Teleporter",
      "to_build": "Teleporter"
    },
    {
      "build_conditions": [
        [
          {
            "test_type": "CanAffordBuildDemand"
          },
          {
            "boolean": true,
            "test_type": "PresenceOnOtherPlanet"
          },
          {
            "compare0": "<",
            "test_type": "UnitCountOnPlanet",
            "unit_type_string0": "Structure & Teleporter",
            "value0": 1
          }
        ]
      ],
      "builders": [
        "Commander",
        "AnyBasicFabber",
        "AnyAdvancedFabber",
        "SupportCommander"
      ],
      "instance_count": 1,
      "name": "Teleporter",
      "placement_rules": {
        "buffer": 6,
        "placement_type": "FromBaseCenter",
        "threat": {
          "compare_type": "<",
          "influence_type": "AntiSurface",
          "radius": 10,
          "value": 50
        }
      },
      "priority": 258,
      "shared_instance_count": "Teleporter",
      "to_build": "Teleporter"
    },
    {
      "build_conditions": [
        [
          {
            "boolean": false,
            "test_type": "AloneOnPlanet"
          },
          {
            "boolean": true,
            "test_type": "PresenceOnOtherPlanet"
          },
          {
            "test_type": "CanAffordBuildDemand"
          },
          {
            "compare0": "<",
            "test_type": "UnitCountOnPlanet",
            "unit_type_string0": "Structure & Teleporter",
            "value0": 1
          }
        ]
      ],
      "builders": [
        "Commander",
        "AnyBasicFabber",
        "AnyAdvancedFabber",
        "SupportCommander"
      ],
      "instance_count": 1,
      "name": "Teleporter - Not Alone",
      "placement_rules": {
        "buffer": 6,
        "placement_type": "FromBaseCenter",
        "threat": {
          "compare_type": "<",
          "influence_type": "AntiSurface",
          "radius": 10,
          "value": 50
        }
      },
      "priority": 380,
      "shared_instance_count": "Teleporter",
      "to_build": "Teleporter"
    },
    {
      "build_conditions": [
        [
          {
            "boolean": true,
            "test_type": "PlanetWithoutFabberWithTeleporter"
          },
          {
            "compare0": ">",
            "test_type": "UnitCountOnPlanet",
            "unit_type_string0": "Structure & Teleporter",
            "value0": 0
          },
          {
            "compare0": ">=",
            "test_type": "UnitCountOnPlanet",
            "unit_type_string0": "Fabber - Air",
            "value0": 2
          }
        ]
      ],
      "builders": [
        "BasicBotFabber",
        "BasicVehicleFabber",
        "AdvancedBotFabber",
        "SupportCommander",
        "AdvancedVehicleFabber"
      ],
      "instance_count": 1,
      "name": "Teleport Fabber To Planet",
      "priority": 801,
      "task_type": "TeleportFabberToPlanet"
    }
  ]
}