{
  "blend_root": {
    "nodes": {
      "being_built": {
        "type": "bind_pose"
      },
      "dead": {
        "type": "bind_pose"
      },
      "ghost": {
        "type": "bind_pose"
      },
      "living": {
        "entries": [
          {
            "name": "idle",
            "node": {
              "type": "bind_pose"
            },
            "transitions": [
              {
                "transition_forward": {
                  "func": "is_firing",
                  "target": "start"
                },
                "transition_reverse": {
                  "func": "is_firing",
                  "target": "start"
                }
              }
            ],
            "type": "sequence_entry"
          },
          {
            "name": "start",
            "node": {
              "anim_name": "fire",
              "looping": false,
              "type": "playback"
            },
            "reset": "playback_reset",
            "transitions": [
              {
                "transition_forward": {
                  "func": "anim_complete",
                  "target": "idle"
                },
                "transition_reverse": {
                  "func": "anim_complete",
                  "target": "idle"
                }
              }
            ],
            "type": "sequence_entry"
          }
        ],
        "transition_seek": {
          "false_target": "idle",
          "func": "fired2",
          "true_target": "start"
        },
        "type": "sequence"
      }
    },
    "type": "unit_state"
  },
  "skeleton_controls": [
    {
      "child": {
        "rotation_axis": "z",
        "rotation_bone": "turret02",
        "type": "procedural_aim",
        "weapon_index": 0
      },
      "lerp_func": "is_active",
      "type": "fader"
    },
    {
      "child": {
        "rotation_axis": "x",
        "rotation_bone": "pitchA02",
        "type": "procedural_aim",
        "weapon_index": 0
      },
      "lerp_func": "is_active",
      "type": "fader"
    },
    {
      "child": {
        "rotation_axis": "x",
        "rotation_bone": "pitchB02",
        "type": "procedural_aim",
        "weapon_index": 0
      },
      "lerp_func": "is_active",
      "type": "fader"
    },
    {
      "child": {
        "rotation_axis": "z",
        "rotation_bone": "turret03",
        "type": "procedural_aim",
        "weapon_index": 1
      },
      "lerp_func": "is_active",
      "type": "fader"
    },
    {
      "child": {
        "rotation_axis": "x",
        "rotation_bone": "pitchA03",
        "type": "procedural_aim",
        "weapon_index": 1
      },
      "lerp_func": "is_active",
      "type": "fader"
    },
    {
      "child": {
        "rotation_axis": "x",
        "rotation_bone": "pitchB03",
        "type": "procedural_aim",
        "weapon_index": 1
      },
      "lerp_func": "is_active",
      "type": "fader"
    },
    {
      "child": {
        "rotation_axis": "z",
        "rotation_bone": "turret01",
        "type": "procedural_aim",
        "weapon_index": 2
      },
      "lerp_func": "is_active",
      "type": "fader"
    },
    {
      "child": {
        "rotation_axis": "x",
        "rotation_bone": "pitch01",
        "type": "procedural_aim",
        "weapon_index": 2
      },
      "lerp_func": "is_active",
      "type": "fader"
    }
  ]
}