{
  "ammo_capacity": 400000,
  "ammo_demand": 20000,
  "ammo_id": "/pa/units/land/artillery_long/artillery_long_ammo.json",
  "ammo_per_shot": 400000,
  "ammo_source": "energy",
  "arc_type": "ARC_high",
  "auto_attack": true,
  "base_spec": "/pa/tools/base_artillery_turret/base_artillery_turret.json",
  "firing_arc_pitch": 2,
  "firing_arc_yaw": 2,
  "firing_standard_deviation": 4,
  "max_firing_velocity": 10000,
  "max_range": 900,
  "min_firing_velocity": 10,
  "pitch_range": 89,
  "pitch_rate": 10,
  "rate_of_fire": 0.07,
  "target_layers": [
    "WL_LandHorizontal",
    "WL_Seafloor",
    "WL_WaterSurface",
    "WL_Underwater"
  ],
  "yaw_range": 360,
  "yaw_rate": 10
}