{
  "attachable": {
    "offsets": {
      "head": [
        0,
        0,
        12.2
      ],
      "root": [
        0,
        0,
        0
      ]
    }
  },
  "base_spec": "/pa/units/commanders/imperial_base_uber/imperial_base.json",
  "catalog_object_name": "GammaCommander",
  "client": {
    "ui": {
      "image": "/ui/main/shared/img/commanders/img_imperial_gamma.png",
      "profile_image": "/ui/main/shared/img/commanders/profiles/profile_imperial_gamma.png",
      "thumb_image": "/ui/main/shared/img/commanders/thumbs/img_imperial_gamma_thumb.png"
    }
  },
  "description": "Imperial Gamma Commander",
  "display_name": "Gamma Commander",
  "headlights": [
    {
      "bone": "bone_spine",
      "color": [
        1,
        1,
        1
      ],
      "far_distance": 30,
      "gobo": "/pa/effects/textures/gobo/spotlight_gobo.papa",
      "intensity": 6,
      "near_distance": 3,
      "near_height": 5,
      "near_width": 5,
      "offset": [
        0,
        -1.5,
        2.2
      ],
      "orientation": [
        0,
        45,
        0
      ],
      "shadow_resolution": 128
    }
  ],
  "lamps": [
    {
      "bone": "bone_spine",
      "color": [
        1,
        1,
        1
      ],
      "intensity": 5,
      "offset": [
        0,
        -1.5,
        2.2
      ],
      "radius": 2
    },
    {
      "bone": "bone_leftElbow",
      "color": [
        0.4,
        1,
        0.01
      ],
      "intensity": 2,
      "offset": [
        0.07,
        -3.85,
        0.2
      ],
      "radius": 4
    }
  ],
  "mesh_bounds": [
    12.6,
    6,
    15.6193
  ],
  "model": {
    "filename": "/pa/units/commanders/imperial_gamma/imperial_gamma.papa"
  }
}