{
  "ammo_capacity": 13500,
  "ammo_demand": 9000,
  "ammo_id": "/pa/units/air/titan_air/titan_air_ammo.json",
  "ammo_per_shot": 13500,
  "ammo_source": "energy",
  "auto_attack": true,
  "base_spec": "/pa/tools/base_shell_turret/base_shell_turret.json",
  "firing_arc_pitch": 360,
  "firing_arc_yaw": 360,
  "idle_aim_delay": 3.0,
  "max_range": 100,
  "pitch_range": 0,
  "pitch_rate": 0,
  "rate_of_fire": 1.5,
  "spread_fire": true,
  "target_layers": [
    "WL_LandHorizontal",
    "WL_WaterSurface",
    "WL_Air",
    "WL_SeaFloor",
    "WL_Underwater"
  ],
  "yaw_range": 0,
  "yaw_rate": 0
}