{
  "TEMP_texelinfo": 5.84968,
  "attachable": {
    "offsets": {
      "head": [
        0,
        0,
        2.7
      ],
      "root": [
        0,
        0,
        0
      ]
    }
  },
  "audio": {
    "loops": {
      "move": {
        "cue": "/SE/Movement/veh/tank_hover_loop",
        "flag": "vel_changed",
        "should_start_func": "is_moving",
        "should_stop_func": "is_not_moving"
      }
    },
    "selection_response": {
      "cue": "/SE/Selection/veh/tank_hover"
    }
  },
  "base_spec": "/pa/units/land/base_vehicle/base_vehicle.json",
  "build_metal_cost": 165,
  "description": "Fast Attack Tank - Light, high damage hover vehicle with low range and excellent speed at a low cost.",
  "display_name": "Striker",
  "events": {
    "build_complete": {
      "audio_cue": "/SE/Build_Complete/veh"
    },
    "died": {
      "audio_cue": "/SE/Death/Veh"
    },
    "fired": {
      "audio_cue": "/SE/Weapons/bot/assault_fire",
      "effect_spec": "/pa/effects/specs/tank_muzzle_flash.pfx socket_rightMuzzle /pa/effects/specs/tank_muzzle_flash.pfx socket_leftMuzzle"
    }
  },
  "fx_offsets": [
    {
      "bone": "bone_root",
      "filename": "/pa/effects/specs/hover.pfx",
      "offset": [
        1.6,
        -2,
        0
      ],
      "type": "idle"
    },
    {
      "bone": "bone_root",
      "filename": "/pa/effects/specs/hover.pfx",
      "offset": [
        -1.6,
        -2,
        0
      ],
      "type": "idle"
    },
    {
      "bone": "bone_root",
      "filename": "/pa/effects/specs/hover.pfx",
      "offset": [
        1.6,
        2,
        0
      ],
      "type": "idle"
    },
    {
      "bone": "bone_root",
      "filename": "/pa/effects/specs/hover.pfx",
      "offset": [
        -1.6,
        2,
        0
      ],
      "type": "idle"
    }
  ],
  "guard_layer": "WL_LandHorizontal",
  "headlights": [
    {
      "color": [
        0.9,
        0.92,
        1.0
      ],
      "far_distance": 20.0,
      "gobo": "/pa/effects/textures/gobo/spotlight_gobo.papa",
      "intensity": 1.4,
      "near_distance": 1.2,
      "near_height": 2.0,
      "near_width": 2.0,
      "offset": [
        0.0,
        -1.0,
        1.5
      ],
      "orientation": [
        0.0,
        65.0,
        0.0
      ]
    }
  ],
  "max_health": 360,
  "mesh_bounds": [
    4.93769,
    7.57193,
    2.6835
  ],
  "model": {
    "animtree": "/pa/anim/anim_trees/tank_hover_anim_tree.json",
    "arrows": 5,
    "filename": "/pa/units/land/tank_attack/tank_attack.papa"
  },
  "navigation": {
    "acceleration": 30,
    "brake": 30,
    "dodge_multiplier": 1,
    "dodge_radius": 15,
    "move_speed": 18,
    "turn_in_place": false,
    "turn_speed": 65,
    "type": "hover",
    "wobble_factor": 0.1,
    "wobble_speed": 0.2
  },
  "physics": {
    "radius": 4
  },
  "recon": {
    "observer": {
      "items": [
        {
          "channel": "sight",
          "layer": "surface_and_air",
          "radius": 60,
          "shape": "capsule"
        }
      ]
    }
  },
  "selection_icon": {
    "diameter": 12.0
  },
  "tools": [
    {
      "aim_bone": "socket_aim",
      "muzzle_bone": "socket_leftMuzzle",
      "spec_id": "/pa/units/land/tank_attack/tank_attack_tool_weapon.json"
    },
    {
      "aim_bone": "socket_aim",
      "muzzle_bone": "socket_rightMuzzle",
      "spec_id": "/pa/units/land/tank_attack/tank_attack_tool_weapon.json"
    }
  ],
  "transportable": {
    "size": 1
  },
  "unit_types": [
    "UNITTYPE_Tank",
    "UNITTYPE_Naval",
    "UNITTYPE_Mobile",
    "UNITTYPE_Offense",
    "UNITTYPE_Land",
    "UNITTYPE_Basic",
    "UNITTYPE_Hover",
    "UNITTYPE_FactoryBuild",
    "UNITTYPE_Custom4"
  ]
}