{
  "blend_root": {
    "nodes": {
      "being_built": {
        "type": "bind_pose"
      },
      "dead": {
        "type": "bind_pose"
      },
      "ghost": {
        "type": "bind_pose"
      },
      "living": {
        "type": "bind_pose"
      }
    },
    "type": "unit_state"
  },
  "skeleton_controls": [
    {
      "child": {
        "rotation_axis": "z",
        "rotation_bone": "turret01",
        "type": "procedural_aim"
      },
      "lerp_func": "is_active",
      "type": "fader"
    },
    {
      "child": {
        "rotation_axis": "x",
        "rotation_bone": "pitch01",
        "type": "procedural_aim"
      },
      "lerp_func": "is_active",
      "type": "fader"
    }
  ]
}