{
  "armor_damage_map": {
    "AT_Bot": 0.0,
    "AT_Commander": 0.0,
    "AT_Naval": 0.0,
    "AT_Structure": 0.0,
    "AT_Vehicle": 0.0
  },
  "base_spec": "/pa/ammo/base_missiles/base_missile_seeking.json",
  "fx_trail": {
    "filename": "/pa/effects/specs/rocket_proj_trail_small.pfx",
    "offset": [
      0.0,
      1.3,
      0.0
    ]
  },
  "physics": {
    "add_to_spatial_db": true,
    "gravity_scalar": 5,
    "ignore_gravity": true,
    "push_class": 1,
    "radius": 1
  }
}