{
  "ammo_type": "PBAOE",
  "armor_damage_map": {
    "AT_Orbital": 0.0
  },
  "burn_damage": 200,
  "burn_radius": 137,
  "damage": 100000,
  "damage_volume": {
    "burnable_remove_radius": 100.0,
    "delay": 1.5,
    "initial_radius": 20.0,
    "radius_accel": -40.0,
    "radius_velocity": 200.0
  },
  "full_damage_splash_radius": 20,
  "impact_decals": [
    "/pa/effects/specs/nuke_scorch_01.json"
  ],
  "sim_fire_effect": "/pa/effects/specs/default_commander_explosion_ent.json",
  "splash_damages_allies": true,
  "splash_radius": 110
}