{
  "base_spec": "/pa/ammo/base_ammo/base_ammo.json",
  "damage": 5,
  "events": {
    "died": {
      "audio_cue": "/SE/Impacts/missile_tactical",
      "effect_scale": 0.3,
      "effect_specs": "/pa/effects/specs/default_explosion.pfx"
    }
  },
  "flight_type": "Ballistic",
  "fx_trail": {
    "filename": "/pa/effects/specs/rocket_proj_trail.pfx",
    "offset": [
      0.0,
      0.8,
      0.0
    ]
  },
  "initial_velocity": 70.0,
  "lifetime": 2,
  "max_velocity": 70.0,
  "model": {
    "arrows": 3,
    "filename": "/pa/units/air/missile/missile.papa"
  },
  "splash_damage": 0,
  "splash_radius": 0
}