{
  "TEMP_texelinfo": 6.12932,
  "attachable": {
    "offsets": {
      "head": [
        0,
        1,
        4.1
      ],
      "root": [
        0,
        0,
        0
      ]
    }
  },
  "audio": {
    "loops": {
      "move": {
        "cue": "/SE/Movement/veh/aa_missile_vehicle_loop",
        "flag": "vel_changed",
        "should_start_func": "is_moving",
        "should_stop_func": "is_not_moving"
      }
    },
    "selection_response": {
      "cue": "/SE/Selection/veh/aa_missile_vehicle"
    }
  },
  "base_spec": "/pa/units/land/base_vehicle/base_vehicle.json",
  "build_metal_cost": 250,
  "description": "AA - Light anti-anything missiles at long range. Low health.",
  "display_name": "Spinner",
  "events": {
    "build_complete": {
      "audio_cue": "/SE/Build_Complete/veh"
    },
    "died": {
      "audio_cue": "/SE/Death/Veh",
      "effect_scale": 1.0
    },
    "fired": {
      "audio_cue": "/SE/Weapons/veh/aa_missile_vehicle_fire",
      "effect_spec": "/pa/effects/specs/default_muzzle_flash.pfx socket_muzzle"
    }
  },
  "guard_layer": "WL_Air",
  "max_health": 250,
  "mesh_bounds": [
    3.8,
    5,
    5
  ],
  "model": {
    "animations": {
      "run": "/pa/units/land/aa_missile_vehicle/aa_missile_vehicle_anim_run.papa"
    },
    "animtree": "/pa/anim/anim_trees/aa_missile_vehicle_anim_tree.json",
    "filename": "/pa/units/land/aa_missile_vehicle/aa_missile_vehicle.papa",
    "walk_speed": 7
  },
  "navigation": {
    "acceleration": 2,
    "brake": 2,
    "move_speed": 13,
    "turn_speed": 80,
    "type": "land-small"
  },
  "nearby_target_tick_update_interval": 3,
  "physics": {
    "radius": 3.5
  },
  "recon": {
    "observer": {
      "items": [
        {
          "channel": "sight",
          "layer": "surface_and_air",
          "radius": 100,
          "shape": "capsule"
        }
      ]
    }
  },
  "selection_icon": {
    "diameter": 10.0
  },
  "tools": [
    {
      "aim_bone": "bone_pivot",
      "muzzle_bone": "bone_pivot",
      "spec_id": "/pa/units/land/aa_missile_vehicle/aa_missile_vehicle_tool_weapon.json"
    }
  ],
  "transportable": {
    "size": 1
  },
  "unit_types": [
    "UNITTYPE_Tank",
    "UNITTYPE_Mobile",
    "UNITTYPE_AirDefense",
    "UNITTYPE_Land",
    "UNITTYPE_Basic",
    "UNITTYPE_FactoryBuild",
    "UNITTYPE_CannonBuildable",
    "UNITTYPE_Offense"
  ]
}