{
  "TEMP_texelinfo": 206.123,
  "atrophy_cool_down": 15.0,
  "atrophy_rate": 200.0,
  "attachable": {
    "offsets": {
      "root": [
        0,
        0,
        0
      ]
    }
  },
  "audio": {
    "loops": {
      "enabled": {
        "cue": "/SE/Buildings/helios_teleporter_loop",
        "flag": "enable_changed",
        "should_start_func": "is_enabled",
        "should_stop_func": "is_disabled"
      }
    }
  },
  "base_spec": "/pa/units/orbital/base_orbital/base_orbital.json",
  "build_metal_cost": 18000,
  "command_caps": [
    "ORDER_Move",
    "ORDER_Patrol",
    "ORDER_Attack"
  ],
  "description": "Invasion Titan- Can link with a teleporter and send units directly to a planet's surface. Attacks everything.",
  "display_name": "Helios",
  "energy_efficiency_requirement": 1.0,
  "events": {
    "build_complete": {
      "audio_cue": "/SE/Build_Complete/orbital"
    },
    "died": {
      "audio_cue": "/SE/Death/orbital",
      "effect_scale": 1.0,
      "effect_spec": "/pa/units/orbital/titan_orbital/titan_orbital_death.pfx"
    },
    "disabled": {
      "audio_cue": "/SE/Buildings/teleporter_disabled",
      "effect_spec": "/pa/units/land/teleporter/teleporter_power_down.pfx bone_root"
    },
    "enabled": {
      "audio_cue": "/SE/Buildings/teleporter_enabled",
      "effect_spec": "/pa/units/land/teleporter/teleporter_power_on.pfx bone_root"
    },
    "fired": {
      "audio_cue": "/SE/Weapons/orb/titan_orbital_fire"
    }
  },
  "fx_offsets": [
    {
      "bone": "bone_rotatorTop",
      "filename": "/pa/units/orbital/titan_orbital/titan_orbital_rotator_top_idle.pfx",
      "type": "idle"
    },
    {
      "bone": "bone_rotatorBottom",
      "filename": "/pa/units/orbital/titan_orbital/titan_orbital_rotator_bottom_idle.pfx",
      "type": "idle"
    },
    {
      "bone": "socket_muzzle01",
      "filename": "/pa/units/orbital/titan_orbital/titan_orbital_muzzle_idle.pfx",
      "type": "idle"
    },
    {
      "bone": "socket_muzzle02",
      "filename": "/pa/units/orbital/titan_orbital/titan_orbital_muzzle_idle.pfx",
      "type": "idle"
    },
    {
      "bone": "socket_muzzle03",
      "filename": "/pa/units/orbital/titan_orbital/titan_orbital_muzzle_idle.pfx",
      "type": "idle"
    },
    {
      "bone": "socket_muzzle04",
      "filename": "/pa/units/orbital/titan_orbital/titan_orbital_muzzle_idle.pfx",
      "type": "idle"
    },
    {
      "bone": "socket_muzzle05",
      "filename": "/pa/units/orbital/titan_orbital/titan_orbital_muzzle_idle.pfx",
      "type": "idle"
    },
    {
      "bone": "socket_muzzle06",
      "filename": "/pa/units/orbital/titan_orbital/titan_orbital_muzzle_idle.pfx",
      "type": "idle"
    },
    {
      "bone": "socket_muzzle07",
      "filename": "/pa/units/orbital/titan_orbital/titan_orbital_muzzle_idle.pfx",
      "type": "idle"
    },
    {
      "bone": "socket_muzzle08",
      "filename": "/pa/units/orbital/titan_orbital/titan_orbital_muzzle_idle.pfx",
      "type": "idle"
    },
    {
      "bone": "bone_root",
      "filename": "/pa/units/orbital/titan_orbital/teleporter_event_horizon.pfx",
      "offset": [
        0,
        0,
        0
      ],
      "orientation": [
        0,
        0,
        0
      ],
      "type": "enabled"
    }
  ],
  "gravwell_velocity_multiplier": 6.0,
  "guard_layer": "WL_AnySurface",
  "lamps": [
    {
      "bone": "bone_rotatorTop",
      "color": [
        1.0,
        1.0,
        1.0
      ],
      "intensity": 3.0,
      "offset": [
        17.0,
        17.0,
        6.0
      ],
      "radius": 3.0
    },
    {
      "bone": "bone_rotatorTop",
      "color": [
        1.0,
        1.0,
        1.0
      ],
      "intensity": 3.0,
      "offset": [
        -17.0,
        17.0,
        6.0
      ],
      "radius": 3.0
    },
    {
      "bone": "bone_rotatorTop",
      "color": [
        1.0,
        1.0,
        1.0
      ],
      "intensity": 3.0,
      "offset": [
        17.0,
        -17.0,
        6.0
      ],
      "radius": 3.0
    },
    {
      "bone": "bone_rotatorTop",
      "color": [
        1.0,
        1.0,
        1.0
      ],
      "intensity": 3.0,
      "offset": [
        -17.0,
        -17.0,
        6.0
      ],
      "radius": 3.0
    }
  ],
  "max_health": 13000,
  "mesh_bounds": [
    85,
    85,
    20
  ],
  "model": {
    "animations": {
      "idle": "/pa/units/orbital/titan_orbital/titan_orbital_anim_idle.papa"
    },
    "animtree": "/pa/anim/anim_trees/constant_idle_anim_tree.json",
    "filename": "/pa/units/orbital/titan_orbital/titan_orbital.papa"
  },
  "navigation": {
    "acceleration": 25,
    "brake": 25,
    "hover_time": -1.0,
    "move_speed": 25,
    "turn_speed": 90,
    "type": "orbital"
  },
  "physics": {
    "gravity_scalar": 0.001,
    "push_class": 15,
    "radius": 10
  },
  "recon": {
    "observable": {
      "always_visible": true
    },
    "observer": {
      "items": [
        {
          "channel": "sight",
          "layer": "surface_and_air",
          "radius": 200,
          "shape": "capsule"
        },
        {
          "channel": "sight",
          "layer": "orbital",
          "radius": 600,
          "shape": "sphere"
        }
      ]
    }
  },
  "selection_icon": {
    "diameter": 122.0,
    "thickness": 2.0
  },
  "si_name": "titan",
  "spawn_layers": "WL_Orbital",
  "teleporter": {
    "energy_demand": 1000,
    "spawn_radius": 20,
    "type": "orbital"
  },
  "tools": [
    {
      "aim_bone": "socket_muzzle02",
      "fire_event": "fired",
      "muzzle_bone": [
        "socket_muzzle01",
        "socket_muzzle02",
        "socket_muzzle03",
        "socket_muzzle04"
      ],
      "projectiles_per_fire": 1,
      "spec_id": "/pa/units/orbital/titan_orbital/titan_orbital_tool_weapon_orbital.json"
    },
    {
      "aim_bone": "socket_muzzle06",
      "fire_event": "fired",
      "muzzle_bone": [
        "socket_muzzle05",
        "socket_muzzle06",
        "socket_muzzle07",
        "socket_muzzle08"
      ],
      "projectiles_per_fire": 1,
      "spec_id": "/pa/units/orbital/titan_orbital/titan_orbital_tool_weapon_orbital.json"
    }
  ],
  "unit_types": [
    "UNITTYPE_Mobile",
    "UNITTYPE_Offense",
    "UNITTYPE_Orbital",
    "UNITTYPE_LaserPlatform",
    "UNITTYPE_Advanced",
    "UNITTYPE_Titan",
    "UNITTYPE_FabOrbBuild",
    "UNITTYPE_Important"
  ],
  "wreckage_health_frac": 0.0
}
