{
  "TEMP_texelinfo": 10.4258,
  "atrophy_cool_down": 15.0,
  "atrophy_rate": 200.0,
  "audio": {
    "loops": {
      "move": {
        "cue": "/SE/Movement/titan/air_titan_loop",
        "flag": "vel_changed",
        "should_start_func": "is_moving_laterally",
        "should_stop_func": "is_not_moving"
      }
    },
    "selection_response": {
      "cue": "/SE/Selection/titan/air"
    }
  },
  "base_spec": "/pa/units/air/base_flyer/base_flyer.json",
  "build_metal_cost": 20000,
  "death_weapon": {
    "ground_ammo_spec": "/pa/units/air/titan_air/titan_air_ammo_death.json"
  },
  "description": "Heavy Air Titan - Heavy damage over a wide area. Attacks any targets except orbital.",
  "display_name": "Zeus",
  "events": {
    "build_complete": {
      "audio_cue": "/SE/Build_Complete/Titan_Complete"
    },
    "died": {
      "audio_cue": "",
      "effect_scale": 1.0,
      "effect_spec": ""
    },
    "fired": {
      "audio_cue": "/SE/Weapons/air/titan_air_fire",
      "effect_spec": "/pa/units/air/titan_air/titan_air_muzzle_flash.pfx socket_muzzle_center"
    }
  },
  "fx_offsets": [
    {
      "filename": "/pa/units/air/titan_air/titan_air_jets.pfx",
      "offset": [
        0,
        0,
        0
      ],
      "type": "moving_forward"
    },
    {
      "filename": "/pa/units/air/titan_air/titan_air_idle.pfx",
      "offset": [
        0,
        0,
        0
      ],
      "type": "idle"
    }
  ],
  "guard_layer": "WL_AnySurface",
  "guard_radius": 120,
  "has_death_effects": true,
  "max_health": 12000,
  "mesh_bounds": [
    14,
    7.5,
    2.6
  ],
  "model": {
    "animations": {
      "dead": "/pa/units/air/titan_air/titan_air_anim_dead.papa",
      "death": "/pa/units/air/titan_air/titan_air_anim_death.papa",
      "hover": "/pa/units/air/titan_air/titan_air_anim_hover.papa"
    },
    "animtree": "/pa/anim/anim_trees/titan_air_anim_tree.json",
    "filename": "/pa/units/air/titan_air/titan_air.papa"
  },
  "navigation": {
    "acceleration": 30,
    "aggressive_behavior": "point",
    "aggressive_distance": 100.0,
    "bank_factor": 0.3,
    "brake": 30,
    "circle_max_time": 2.0,
    "circle_min_time": 1.0,
    "hover_time": -1.0,
    "move_speed": 40,
    "turn_accel": 15,
    "turn_speed": 50,
    "type": "air",
    "vertical_speed": 50
  },
  "physics": {
    "air_friction": 1.0,
    "allow_pushing": false,
    "gravity_scalar": 1,
    "push_class": 2,
    "push_sideways": false,
    "radius": 6
  },
  "recon": {
    "observer": {
      "items": [
        {
          "channel": "sight",
          "layer": "surface_and_air",
          "radius": 200,
          "shape": "capsule"
        }
      ]
    }
  },
  "selection_icon": {
    "diameter": 60.0,
    "thickness": 2.0
  },
  "si_name": "titan",
  "tools": [
    {
      "aim_bone": "socket_muzzle_center",
      "muzzle_bone": [
        "socket_muzzle_center"
      ],
      "spec_id": "/pa/units/air/titan_air/titan_air_tool_weapon.json"
    }
  ],
  "unit_types": [
    "UNITTYPE_Bomber",
    "UNITTYPE_Mobile",
    "UNITTYPE_Offense",
    "UNITTYPE_Air",
    "UNITTYPE_Advanced",
    "UNITTYPE_Titan",
    "UNITTYPE_Important",
    "UNITTYPE_FabAdvBuild"
  ]
}