{
  "attachable": {
    "offsets": {
      "head": [
        0,
        0.8,
        12
      ],
      "root": [
        0,
        0,
        0
      ]
    }
  },
  "base_spec": "/pa/units/commanders/quad_base_missile/quad_base.json",
  "catalog_object_name": "QuadPotbelly79",
  "client": {
    "ui": {
      "image": "/ui/main/shared/img/commanders/img_quad_potbelly79.png",
      "profile_image": "/ui/main/shared/img/commanders/profiles/profile_quad_potbelly79.png",
      "thumb_image": "/ui/main/shared/img/commanders/thumbs/img_quad_potbelly79_thumb.png"
    }
  },
  "description": "Quadruped Potbelly79 Commander",
  "display_name": "Potbelly79 Commander",
  "headlights": [
    {
      "bone": "bone_spine",
      "color": [
        1.0,
        1.0,
        1.0
      ],
      "far_distance": 30.0,
      "gobo": "/pa/effects/textures/gobo/spotlight_gobo.papa",
      "intensity": 6.0,
      "near_distance": 3.0,
      "near_height": 5.0,
      "near_width": 5.0,
      "offset": [
        0.0,
        -1.2,
        4.3
      ],
      "orientation": [
        0.0,
        45.0,
        0.0
      ],
      "shadow_resolution": 128
    }
  ],
  "lamps": [
    {
      "bone": "bone_spine",
      "color": [
        1.0,
        1.0,
        1.0
      ],
      "intensity": 5.0,
      "offset": [
        0.0,
        -3.21,
        0.717
      ],
      "radius": 2.0
    },
    {
      "bone": "bone_leftShoulder",
      "color": [
        0.4,
        1.0,
        0.01
      ],
      "intensity": 2.0,
      "offset": [
        0.0,
        -5.672,
        1.33
      ],
      "radius": 4.0
    }
  ],
  "mesh_bounds": [
    11,
    10.5,
    11.8
  ],
  "model": {
    "filename": "/pa/units/commanders/quad_potbelly79/quad_potbelly79.papa"
  }
}