{
  "TEMP_texelinfo": 5,
  "attachable": {
    "offsets": {
      "head": [
        0,
        0,
        3.6
      ],
      "root": [
        0,
        0,
        0
      ]
    }
  },
  "audio": {
    "command_response": {
      "cue": "/SE/Confirmation/bot/fab"
    },
    "loops": {
      "build": {
        "cue": "/SE/Construction/Fab_bot_contruction_beam_loop",
        "flag": "build_target_changed",
        "should_start_func": "has_build_target",
        "should_stop_func": "no_build_target"
      },
      "move": {
        "cue": "/SE/Movement/bot/fab_loop",
        "flag": "vel_changed",
        "should_start_func": "is_moving",
        "should_stop_func": "is_not_moving"
      }
    },
    "selection_response": {
      "cue": "/SE/Selection/bot/fab"
    }
  },
  "base_spec": "/pa/units/land/base_bot/base_bot.json",
  "build_metal_cost": 150,
  "buildable_types": "Land & Structure & Basic | Factory & Basic FabBuild",
  "command_caps": [
    "ORDER_Move",
    "ORDER_Patrol",
    "ORDER_Build",
    "ORDER_Reclaim",
    "ORDER_Repair",
    "ORDER_Assist",
    "ORDER_Use"
  ],
  "description": "Builder - Builds structures. Medium health and low speed. Less efficient than the standard fabber.",
  "display_name": "Amphibious Fabricator",
  "events": {
    "build_complete": {
      "audio_cue": "/SE/Build_Complete/fab"
    },
    "died": {
      "audio_cue": "/SE/Death/Bot",
      "effect_scale": 0.8
    }
  },
  "fx_offsets": [
    {
      "bone": "muzzle00",
      "filename": "/pa/effects/specs/fab_spray.pfx",
      "type": "build"
    }
  ],
  "max_health": 100,
  "mesh_bounds": [
    3,
    2,
    4.5
  ],
  "model": {
    "animations": {
      "idle": "/pa/units/land/amphibious_fabricator/Bfab21_anim_idle.papa",
      "walk": "/pa/units/land/amphibious_fabricator/Bfab21_anim_walk.papa"
    },
    "animtree": "/pa/anim/one_turret_walk_idle.json",
    "filename": "/pa/units/land/amphibious_fabricator/Bfab21.papa",
    "walk_speed": 3
  },
  "navigation": {
    "acceleration": 160,
    "brake": -1,
    "group_preference": "back",
    "move_speed": 16,
    "turn_speed": 360,
    "type": "amphibious"
  },
  "physics": {
    "allow_pushing": true,
    "radius": 2
  },
  "tools": [
    {
      "aim_bone": "turret00",
      "spec_id": "/pa/units/land/amphibious_fabricator/Bfab21_build_arm.json"
    }
  ],
  "unit_types": [
    "UNITTYPE_Fabber",
    "UNITTYPE_Construction",
    "UNITTYPE_Bot",
    "UNITTYPE_Mobile",
    "UNITTYPE_Land",
    "UNITTYPE_Basic",
    "UNITTYPE_FactoryBuild",
    "UNITTYPE_Custom3"
  ]
}